status,run_dir,run_name,run_group,c3,d4,lhe_file,mg5_generated_events,herwig_input,herwig_run,herwig_output_root,herwig_output_var_root,nevents,seed,reason
skipped_nonmatching_events,/mnt/ssd2/Projects/4H/MG5_aMC_v3_5_15/gg_4h_c3d4/Events/run_gg_4h_1_-0.5_0.0,HW-run_gg_4h_1_-0.5_0.0,1,-0.5,0.0,/mnt/ssd2/Projects/4H/MG5_aMC_v3_5_15/gg_4h_c3d4/Events/run_gg_4h_1_-0.5_0.0/unweighted_events.lhe.gz,1,HerwigSignalPoints/c3d4_10k/HW-run_gg_4h_1_-0.5_0.0.in,HerwigSignalPoints/c3d4_10k/HW-run_gg_4h_1_-0.5_0.0.run,HerwigSignalPoints/c3d4_10k/events/HW-run_gg_4h_1_-0.5_0.0.root,HerwigSignalPoints/c3d4_10k/events/HW-run_gg_4h_1_-0.5_0.0_var.smearCMS.root,10000,63002609,MG5 banner generated_events is not 10000
skipped_nonmatching_events,/mnt/ssd2/Projects/4H/MG5_aMC_v3_5_15/gg_4h_c3d4/Events/run_gg_4h_1_-0.866025_0.0,HW-run_gg_4h_1_-0.866025_0.0,1,-0.866025,0.0,/mnt/ssd2/Projects/4H/MG5_aMC_v3_5_15/gg_4h_c3d4/Events/run_gg_4h_1_-0.866025_0.0/unweighted_events.lhe.gz,1,HerwigSignalPoints/c3d4_10k/HW-run_gg_4h_1_-0.866025_0.0.in,HerwigSignalPoints/c3d4_10k/HW-run_gg_4h_1_-0.866025_0.0.run,HerwigSignalPoints/c3d4_10k/events/HW-run_gg_4h_1_-0.866025_0.0.root,HerwigSignalPoints/c3d4_10k/events/HW-run_gg_4h_1_-0.866025_0.0_var.smearCMS.root,10000,122688150,MG5 banner generated_events is not 10000
skipped_nonmatching_events,/mnt/ssd2/Projects/4H/MG5_aMC_v3_5_15/gg_4h_c3d4/Events/run_gg_4h_1_0.0_0.0,HW-run_gg_4h_1_0.0_0.0,1,0.0,0.0,/mnt/ssd2/Projects/4H/MG5_aMC_v3_5_15/gg_4h_c3d4/Events/run_gg_4h_1_0.0_0.0/unweighted_events.lhe.gz,1,HerwigSignalPoints/c3d4_10k/HW-run_gg_4h_1_0.0_0.0.in,HerwigSignalPoints/c3d4_10k/HW-run_gg_4h_1_0.0_0.0.run,HerwigSignalPoints/c3d4_10k/events/HW-run_gg_4h_1_0.0_0.0.root,HerwigSignalPoints/c3d4_10k/events/HW-run_gg_4h_1_0.0_0.0_var.smearCMS.root,10000,58708252,MG5 banner generated_events is not 10000
skipped_nonmatching_events,/mnt/ssd2/Projects/4H/MG5_aMC_v3_5_15/gg_4h_c3d4/Events/run_gg_4h_1_0.5_0.0,HW-run_gg_4h_1_0.5_0.0,1,0.5,0.0,/mnt/ssd2/Projects/4H/MG5_aMC_v3_5_15/gg_4h_c3d4/Events/run_gg_4h_1_0.5_0.0/unweighted_events.lhe.gz,1,HerwigSignalPoints/c3d4_10k/HW-run_gg_4h_1_0.5_0.0.in,HerwigSignalPoints/c3d4_10k/HW-run_gg_4h_1_0.5_0.0.run,HerwigSignalPoints/c3d4_10k/events/HW-run_gg_4h_1_0.5_0.0.root,HerwigSignalPoints/c3d4_10k/events/HW-run_gg_4h_1_0.5_0.0_var.smearCMS.root,10000,65734673,MG5 banner generated_events is not 10000
skipped_nonmatching_events,/mnt/ssd2/Projects/4H/MG5_aMC_v3_5_15/gg_4h_c3d4/Events/run_gg_4h_2_-0.258819_0.0,HW-run_gg_4h_2_-0.258819_0.0,2,-0.258819,0.0,/mnt/ssd2/Projects/4H/MG5_aMC_v3_5_15/gg_4h_c3d4/Events/run_gg_4h_2_-0.258819_0.0/unweighted_events.lhe.gz,1,HerwigSignalPoints/c3d4_10k/HW-run_gg_4h_2_-0.258819_0.0.in,HerwigSignalPoints/c3d4_10k/HW-run_gg_4h_2_-0.258819_0.0.run,HerwigSignalPoints/c3d4_10k/events/HW-run_gg_4h_2_-0.258819_0.0.root,HerwigSignalPoints/c3d4_10k/events/HW-run_gg_4h_2_-0.258819_0.0_var.smearCMS.root,10000,68101583,MG5 banner generated_events is not 10000
skipped_nonmatching_events,/mnt/ssd2/Projects/4H/MG5_aMC_v3_5_15/gg_4h_c3d4/Events/run_gg_4h_2_-0.5_-100.0,HW-run_gg_4h_2_-0.5_-100.0,2,-0.5,-100.0,/mnt/ssd2/Projects/4H/MG5_aMC_v3_5_15/gg_4h_c3d4/Events/run_gg_4h_2_-0.5_-100.0/unweighted_events.lhe.gz,1,HerwigSignalPoints/c3d4_10k/HW-run_gg_4h_2_-0.5_-100.0.in,HerwigSignalPoints/c3d4_10k/HW-run_gg_4h_2_-0.5_-100.0.run,HerwigSignalPoints/c3d4_10k/events/HW-run_gg_4h_2_-0.5_-100.0.root,HerwigSignalPoints/c3d4_10k/events/HW-run_gg_4h_2_-0.5_-100.0_var.smearCMS.root,10000,87598867,MG5 banner generated_events is not 10000
skipped_nonmatching_events,/mnt/ssd2/Projects/4H/MG5_aMC_v3_5_15/gg_4h_c3d4/Events/run_gg_4h_2_-0.5_-70.7107,HW-run_gg_4h_2_-0.5_-70.7107,2,-0.5,-70.7107,/mnt/ssd2/Projects/4H/MG5_aMC_v3_5_15/gg_4h_c3d4/Events/run_gg_4h_2_-0.5_-70.7107/unweighted_events.lhe.gz,1,HerwigSignalPoints/c3d4_10k/HW-run_gg_4h_2_-0.5_-70.7107.in,HerwigSignalPoints/c3d4_10k/HW-run_gg_4h_2_-0.5_-70.7107.run,HerwigSignalPoints/c3d4_10k/events/HW-run_gg_4h_2_-0.5_-70.7107.root,HerwigSignalPoints/c3d4_10k/events/HW-run_gg_4h_2_-0.5_-70.7107_var.smearCMS.root,10000,73252157,MG5 banner generated_events is not 10000
skipped_nonmatching_events,/mnt/ssd2/Projects/4H/MG5_aMC_v3_5_15/gg_4h_c3d4/Events/run_gg_4h_2_-0.5_0.0,HW-run_gg_4h_2_-0.5_0.0,2,-0.5,0.0,/mnt/ssd2/Projects/4H/MG5_aMC_v3_5_15/gg_4h_c3d4/Events/run_gg_4h_2_-0.5_0.0/unweighted_events.lhe.gz,1,HerwigSignalPoints/c3d4_10k/HW-run_gg_4h_2_-0.5_0.0.in,HerwigSignalPoints/c3d4_10k/HW-run_gg_4h_2_-0.5_0.0.run,HerwigSignalPoints/c3d4_10k/events/HW-run_gg_4h_2_-0.5_0.0.root,HerwigSignalPoints/c3d4_10k/events/HW-run_gg_4h_2_-0.5_0.0_var.smearCMS.root,10000,125993096,MG5 banner generated_events is not 10000
skipped_nonmatching_events,/mnt/ssd2/Projects/4H/MG5_aMC_v3_5_15/gg_4h_c3d4/Events/run_gg_4h_2_-0.5_100.0,HW-run_gg_4h_2_-0.5_100.0,2,-0.5,100.0,/mnt/ssd2/Projects/4H/MG5_aMC_v3_5_15/gg_4h_c3d4/Events/run_gg_4h_2_-0.5_100.0/unweighted_events.lhe.gz,1,HerwigSignalPoints/c3d4_10k/HW-run_gg_4h_2_-0.5_100.0.in,HerwigSignalPoints/c3d4_10k/HW-run_gg_4h_2_-0.5_100.0.run,HerwigSignalPoints/c3d4_10k/events/HW-run_gg_4h_2_-0.5_100.0.root,HerwigSignalPoints/c3d4_10k/events/HW-run_gg_4h_2_-0.5_100.0_var.smearCMS.root,10000,52880875,MG5 banner generated_events is not 10000
skipped_nonmatching_events,/mnt/ssd2/Projects/4H/MG5_aMC_v3_5_15/gg_4h_c3d4/Events/run_gg_4h_2_-0.5_70.7107,HW-run_gg_4h_2_-0.5_70.7107,2,-0.5,70.7107,/mnt/ssd2/Projects/4H/MG5_aMC_v3_5_15/gg_4h_c3d4/Events/run_gg_4h_2_-0.5_70.7107/unweighted_events.lhe.gz,1,HerwigSignalPoints/c3d4_10k/HW-run_gg_4h_2_-0.5_70.7107.in,HerwigSignalPoints/c3d4_10k/HW-run_gg_4h_2_-0.5_70.7107.run,HerwigSignalPoints/c3d4_10k/events/HW-run_gg_4h_2_-0.5_70.7107.root,HerwigSignalPoints/c3d4_10k/events/HW-run_gg_4h_2_-0.5_70.7107_var.smearCMS.root,10000,89368304,MG5 banner generated_events is not 10000
skipped_nonmatching_events,/mnt/ssd2/Projects/4H/MG5_aMC_v3_5_15/gg_4h_c3d4/Events/run_gg_4h_2_-0.707107_0.0,HW-run_gg_4h_2_-0.707107_0.0,2,-0.707107,0.0,/mnt/ssd2/Projects/4H/MG5_aMC_v3_5_15/gg_4h_c3d4/Events/run_gg_4h_2_-0.707107_0.0/unweighted_events.lhe.gz,1,HerwigSignalPoints/c3d4_10k/HW-run_gg_4h_2_-0.707107_0.0.in,HerwigSignalPoints/c3d4_10k/HW-run_gg_4h_2_-0.707107_0.0.run,HerwigSignalPoints/c3d4_10k/events/HW-run_gg_4h_2_-0.707107_0.0.root,HerwigSignalPoints/c3d4_10k/events/HW-run_gg_4h_2_-0.707107_0.0_var.smearCMS.root,10000,87246791,MG5 banner generated_events is not 10000
skipped_nonmatching_events,/mnt/ssd2/Projects/4H/MG5_aMC_v3_5_15/gg_4h_c3d4/Events/run_gg_4h_2_-0.866025_-100.0,HW-run_gg_4h_2_-0.866025_-100.0,2,-0.866025,-100.0,/mnt/ssd2/Projects/4H/MG5_aMC_v3_5_15/gg_4h_c3d4/Events/run_gg_4h_2_-0.866025_-100.0/unweighted_events.lhe.gz,1,HerwigSignalPoints/c3d4_10k/HW-run_gg_4h_2_-0.866025_-100.0.in,HerwigSignalPoints/c3d4_10k/HW-run_gg_4h_2_-0.866025_-100.0.run,HerwigSignalPoints/c3d4_10k/events/HW-run_gg_4h_2_-0.866025_-100.0.root,HerwigSignalPoints/c3d4_10k/events/HW-run_gg_4h_2_-0.866025_-100.0_var.smearCMS.root,10000,127126705,MG5 banner generated_events is not 10000
skipped_nonmatching_events,/mnt/ssd2/Projects/4H/MG5_aMC_v3_5_15/gg_4h_c3d4/Events/run_gg_4h_2_-0.866025_-70.7107,HW-run_gg_4h_2_-0.866025_-70.7107,2,-0.866025,-70.7107,/mnt/ssd2/Projects/4H/MG5_aMC_v3_5_15/gg_4h_c3d4/Events/run_gg_4h_2_-0.866025_-70.7107/unweighted_events.lhe.gz,1,HerwigSignalPoints/c3d4_10k/HW-run_gg_4h_2_-0.866025_-70.7107.in,HerwigSignalPoints/c3d4_10k/HW-run_gg_4h_2_-0.866025_-70.7107.run,HerwigSignalPoints/c3d4_10k/events/HW-run_gg_4h_2_-0.866025_-70.7107.root,HerwigSignalPoints/c3d4_10k/events/HW-run_gg_4h_2_-0.866025_-70.7107_var.smearCMS.root,10000,130078005,MG5 banner generated_events is not 10000
skipped_nonmatching_events,/mnt/ssd2/Projects/4H/MG5_aMC_v3_5_15/gg_4h_c3d4/Events/run_gg_4h_2_-0.866025_0.0,HW-run_gg_4h_2_-0.866025_0.0,2,-0.866025,0.0,/mnt/ssd2/Projects/4H/MG5_aMC_v3_5_15/gg_4h_c3d4/Events/run_gg_4h_2_-0.866025_0.0/unweighted_events.lhe.gz,1,HerwigSignalPoints/c3d4_10k/HW-run_gg_4h_2_-0.866025_0.0.in,HerwigSignalPoints/c3d4_10k/HW-run_gg_4h_2_-0.866025_0.0.run,HerwigSignalPoints/c3d4_10k/events/HW-run_gg_4h_2_-0.866025_0.0.root,HerwigSignalPoints/c3d4_10k/events/HW-run_gg_4h_2_-0.866025_0.0_var.smearCMS.root,10000,123039214,MG5 banner generated_events is not 10000
skipped_nonmatching_events,/mnt/ssd2/Projects/4H/MG5_aMC_v3_5_15/gg_4h_c3d4/Events/run_gg_4h_2_-0.866025_100.0,HW-run_gg_4h_2_-0.866025_100.0,2,-0.866025,100.0,/mnt/ssd2/Projects/4H/MG5_aMC_v3_5_15/gg_4h_c3d4/Events/run_gg_4h_2_-0.866025_100.0/unweighted_events.lhe.gz,1,HerwigSignalPoints/c3d4_10k/HW-run_gg_4h_2_-0.866025_100.0.in,HerwigSignalPoints/c3d4_10k/HW-run_gg_4h_2_-0.866025_100.0.run,HerwigSignalPoints/c3d4_10k/events/HW-run_gg_4h_2_-0.866025_100.0.root,HerwigSignalPoints/c3d4_10k/events/HW-run_gg_4h_2_-0.866025_100.0_var.smearCMS.root,10000,104531860,MG5 banner generated_events is not 10000
skipped_nonmatching_events,/mnt/ssd2/Projects/4H/MG5_aMC_v3_5_15/gg_4h_c3d4/Events/run_gg_4h_2_-0.866025_70.7107,HW-run_gg_4h_2_-0.866025_70.7107,2,-0.866025,70.7107,/mnt/ssd2/Projects/4H/MG5_aMC_v3_5_15/gg_4h_c3d4/Events/run_gg_4h_2_-0.866025_70.7107/unweighted_events.lhe.gz,1,HerwigSignalPoints/c3d4_10k/HW-run_gg_4h_2_-0.866025_70.7107.in,HerwigSignalPoints/c3d4_10k/HW-run_gg_4h_2_-0.866025_70.7107.run,HerwigSignalPoints/c3d4_10k/events/HW-run_gg_4h_2_-0.866025_70.7107.root,HerwigSignalPoints/c3d4_10k/events/HW-run_gg_4h_2_-0.866025_70.7107_var.smearCMS.root,10000,40506939,MG5 banner generated_events is not 10000
skipped_nonmatching_events,/mnt/ssd2/Projects/4H/MG5_aMC_v3_5_15/gg_4h_c3d4/Events/run_gg_4h_2_-0.965926_0.0,HW-run_gg_4h_2_-0.965926_0.0,2,-0.965926,0.0,/mnt/ssd2/Projects/4H/MG5_aMC_v3_5_15/gg_4h_c3d4/Events/run_gg_4h_2_-0.965926_0.0/unweighted_events.lhe.gz,1,HerwigSignalPoints/c3d4_10k/HW-run_gg_4h_2_-0.965926_0.0.in,HerwigSignalPoints/c3d4_10k/HW-run_gg_4h_2_-0.965926_0.0.run,HerwigSignalPoints/c3d4_10k/events/HW-run_gg_4h_2_-0.965926_0.0.root,HerwigSignalPoints/c3d4_10k/events/HW-run_gg_4h_2_-0.965926_0.0_var.smearCMS.root,10000,115477943,MG5 banner generated_events is not 10000
skipped_nonmatching_events,/mnt/ssd2/Projects/4H/MG5_aMC_v3_5_15/gg_4h_c3d4/Events/run_gg_4h_2_-1.0_-100.0,HW-run_gg_4h_2_-1.0_-100.0,2,-1.0,-100.0,/mnt/ssd2/Projects/4H/MG5_aMC_v3_5_15/gg_4h_c3d4/Events/run_gg_4h_2_-1.0_-100.0/unweighted_events.lhe.gz,1,HerwigSignalPoints/c3d4_10k/HW-run_gg_4h_2_-1.0_-100.0.in,HerwigSignalPoints/c3d4_10k/HW-run_gg_4h_2_-1.0_-100.0.run,HerwigSignalPoints/c3d4_10k/events/HW-run_gg_4h_2_-1.0_-100.0.root,HerwigSignalPoints/c3d4_10k/events/HW-run_gg_4h_2_-1.0_-100.0_var.smearCMS.root,10000,84024687,MG5 banner generated_events is not 10000
skipped_nonmatching_events,/mnt/ssd2/Projects/4H/MG5_aMC_v3_5_15/gg_4h_c3d4/Events/run_gg_4h_2_-1.0_-70.7107,HW-run_gg_4h_2_-1.0_-70.7107,2,-1.0,-70.7107,/mnt/ssd2/Projects/4H/MG5_aMC_v3_5_15/gg_4h_c3d4/Events/run_gg_4h_2_-1.0_-70.7107/unweighted_events.lhe.gz,1,HerwigSignalPoints/c3d4_10k/HW-run_gg_4h_2_-1.0_-70.7107.in,HerwigSignalPoints/c3d4_10k/HW-run_gg_4h_2_-1.0_-70.7107.run,HerwigSignalPoints/c3d4_10k/events/HW-run_gg_4h_2_-1.0_-70.7107.root,HerwigSignalPoints/c3d4_10k/events/HW-run_gg_4h_2_-1.0_-70.7107_var.smearCMS.root,10000,56940720,MG5 banner generated_events is not 10000
skipped_nonmatching_events,/mnt/ssd2/Projects/4H/MG5_aMC_v3_5_15/gg_4h_c3d4/Events/run_gg_4h_2_-1.0_0.0,HW-run_gg_4h_2_-1.0_0.0,2,-1.0,0.0,/mnt/ssd2/Projects/4H/MG5_aMC_v3_5_15/gg_4h_c3d4/Events/run_gg_4h_2_-1.0_0.0/unweighted_events.lhe.gz,1,HerwigSignalPoints/c3d4_10k/HW-run_gg_4h_2_-1.0_0.0.in,HerwigSignalPoints/c3d4_10k/HW-run_gg_4h_2_-1.0_0.0.run,HerwigSignalPoints/c3d4_10k/events/HW-run_gg_4h_2_-1.0_0.0.root,HerwigSignalPoints/c3d4_10k/events/HW-run_gg_4h_2_-1.0_0.0_var.smearCMS.root,10000,85708361,MG5 banner generated_events is not 10000
skipped_nonmatching_events,/mnt/ssd2/Projects/4H/MG5_aMC_v3_5_15/gg_4h_c3d4/Events/run_gg_4h_2_-1.0_100.0,HW-run_gg_4h_2_-1.0_100.0,2,-1.0,100.0,/mnt/ssd2/Projects/4H/MG5_aMC_v3_5_15/gg_4h_c3d4/Events/run_gg_4h_2_-1.0_100.0/unweighted_events.lhe.gz,1,HerwigSignalPoints/c3d4_10k/HW-run_gg_4h_2_-1.0_100.0.in,HerwigSignalPoints/c3d4_10k/HW-run_gg_4h_2_-1.0_100.0.run,HerwigSignalPoints/c3d4_10k/events/HW-run_gg_4h_2_-1.0_100.0.root,HerwigSignalPoints/c3d4_10k/events/HW-run_gg_4h_2_-1.0_100.0_var.smearCMS.root,10000,66192084,MG5 banner generated_events is not 10000
skipped_nonmatching_events,/mnt/ssd2/Projects/4H/MG5_aMC_v3_5_15/gg_4h_c3d4/Events/run_gg_4h_2_-1.0_70.7107,HW-run_gg_4h_2_-1.0_70.7107,2,-1.0,70.7107,/mnt/ssd2/Projects/4H/MG5_aMC_v3_5_15/gg_4h_c3d4/Events/run_gg_4h_2_-1.0_70.7107/unweighted_events.lhe.gz,1,HerwigSignalPoints/c3d4_10k/HW-run_gg_4h_2_-1.0_70.7107.in,HerwigSignalPoints/c3d4_10k/HW-run_gg_4h_2_-1.0_70.7107.run,HerwigSignalPoints/c3d4_10k/events/HW-run_gg_4h_2_-1.0_70.7107.root,HerwigSignalPoints/c3d4_10k/events/HW-run_gg_4h_2_-1.0_70.7107_var.smearCMS.root,10000,76950075,MG5 banner generated_events is not 10000
skipped_nonmatching_events,/mnt/ssd2/Projects/4H/MG5_aMC_v3_5_15/gg_4h_c3d4/Events/run_gg_4h_2_0.0_-100.0,HW-run_gg_4h_2_0.0_-100.0,2,0.0,-100.0,/mnt/ssd2/Projects/4H/MG5_aMC_v3_5_15/gg_4h_c3d4/Events/run_gg_4h_2_0.0_-100.0/unweighted_events.lhe.gz,1,HerwigSignalPoints/c3d4_10k/HW-run_gg_4h_2_0.0_-100.0.in,HerwigSignalPoints/c3d4_10k/HW-run_gg_4h_2_0.0_-100.0.run,HerwigSignalPoints/c3d4_10k/events/HW-run_gg_4h_2_0.0_-100.0.root,HerwigSignalPoints/c3d4_10k/events/HW-run_gg_4h_2_0.0_-100.0_var.smearCMS.root,10000,104825103,MG5 banner generated_events is not 10000
skipped_nonmatching_events,/mnt/ssd2/Projects/4H/MG5_aMC_v3_5_15/gg_4h_c3d4/Events/run_gg_4h_2_0.0_-70.7107,HW-run_gg_4h_2_0.0_-70.7107,2,0.0,-70.7107,/mnt/ssd2/Projects/4H/MG5_aMC_v3_5_15/gg_4h_c3d4/Events/run_gg_4h_2_0.0_-70.7107/unweighted_events.lhe.gz,1,HerwigSignalPoints/c3d4_10k/HW-run_gg_4h_2_0.0_-70.7107.in,HerwigSignalPoints/c3d4_10k/HW-run_gg_4h_2_0.0_-70.7107.run,HerwigSignalPoints/c3d4_10k/events/HW-run_gg_4h_2_0.0_-70.7107.root,HerwigSignalPoints/c3d4_10k/events/HW-run_gg_4h_2_0.0_-70.7107_var.smearCMS.root,10000,77293746,MG5 banner generated_events is not 10000
skipped_nonmatching_events,/mnt/ssd2/Projects/4H/MG5_aMC_v3_5_15/gg_4h_c3d4/Events/run_gg_4h_2_0.0_0.0,HW-run_gg_4h_2_0.0_0.0,2,0.0,0.0,/mnt/ssd2/Projects/4H/MG5_aMC_v3_5_15/gg_4h_c3d4/Events/run_gg_4h_2_0.0_0.0/unweighted_events.lhe.gz,1,HerwigSignalPoints/c3d4_10k/HW-run_gg_4h_2_0.0_0.0.in,HerwigSignalPoints/c3d4_10k/HW-run_gg_4h_2_0.0_0.0.run,HerwigSignalPoints/c3d4_10k/events/HW-run_gg_4h_2_0.0_0.0.root,HerwigSignalPoints/c3d4_10k/events/HW-run_gg_4h_2_0.0_0.0_var.smearCMS.root,10000,106819743,MG5 banner generated_events is not 10000
skipped_nonmatching_events,/mnt/ssd2/Projects/4H/MG5_aMC_v3_5_15/gg_4h_c3d4/Events/run_gg_4h_2_0.0_100.0,HW-run_gg_4h_2_0.0_100.0,2,0.0,100.0,/mnt/ssd2/Projects/4H/MG5_aMC_v3_5_15/gg_4h_c3d4/Events/run_gg_4h_2_0.0_100.0/unweighted_events.lhe.gz,1,HerwigSignalPoints/c3d4_10k/HW-run_gg_4h_2_0.0_100.0.in,HerwigSignalPoints/c3d4_10k/HW-run_gg_4h_2_0.0_100.0.run,HerwigSignalPoints/c3d4_10k/events/HW-run_gg_4h_2_0.0_100.0.root,HerwigSignalPoints/c3d4_10k/events/HW-run_gg_4h_2_0.0_100.0_var.smearCMS.root,10000,85232387,MG5 banner generated_events is not 10000
skipped_nonmatching_events,/mnt/ssd2/Projects/4H/MG5_aMC_v3_5_15/gg_4h_c3d4/Events/run_gg_4h_2_0.0_70.7107,HW-run_gg_4h_2_0.0_70.7107,2,0.0,70.7107,/mnt/ssd2/Projects/4H/MG5_aMC_v3_5_15/gg_4h_c3d4/Events/run_gg_4h_2_0.0_70.7107/unweighted_events.lhe.gz,1,HerwigSignalPoints/c3d4_10k/HW-run_gg_4h_2_0.0_70.7107.in,HerwigSignalPoints/c3d4_10k/HW-run_gg_4h_2_0.0_70.7107.run,HerwigSignalPoints/c3d4_10k/events/HW-run_gg_4h_2_0.0_70.7107.root,HerwigSignalPoints/c3d4_10k/events/HW-run_gg_4h_2_0.0_70.7107_var.smearCMS.root,10000,99733727,MG5 banner generated_events is not 10000
skipped_nonmatching_events,/mnt/ssd2/Projects/4H/MG5_aMC_v3_5_15/gg_4h_c3d4/Events/run_gg_4h_2_0.258819_0.0,HW-run_gg_4h_2_0.258819_0.0,2,0.258819,0.0,/mnt/ssd2/Projects/4H/MG5_aMC_v3_5_15/gg_4h_c3d4/Events/run_gg_4h_2_0.258819_0.0/unweighted_events.lhe.gz,1,HerwigSignalPoints/c3d4_10k/HW-run_gg_4h_2_0.258819_0.0.in,HerwigSignalPoints/c3d4_10k/HW-run_gg_4h_2_0.258819_0.0.run,HerwigSignalPoints/c3d4_10k/events/HW-run_gg_4h_2_0.258819_0.0.root,HerwigSignalPoints/c3d4_10k/events/HW-run_gg_4h_2_0.258819_0.0_var.smearCMS.root,10000,83535688,MG5 banner generated_events is not 10000
skipped_nonmatching_events,/mnt/ssd2/Projects/4H/MG5_aMC_v3_5_15/gg_4h_c3d4/Events/run_gg_4h_2_0.5_-100.0,HW-run_gg_4h_2_0.5_-100.0,2,0.5,-100.0,/mnt/ssd2/Projects/4H/MG5_aMC_v3_5_15/gg_4h_c3d4/Events/run_gg_4h_2_0.5_-100.0/unweighted_events.lhe.gz,1,HerwigSignalPoints/c3d4_10k/HW-run_gg_4h_2_0.5_-100.0.in,HerwigSignalPoints/c3d4_10k/HW-run_gg_4h_2_0.5_-100.0.run,HerwigSignalPoints/c3d4_10k/events/HW-run_gg_4h_2_0.5_-100.0.root,HerwigSignalPoints/c3d4_10k/events/HW-run_gg_4h_2_0.5_-100.0_var.smearCMS.root,10000,123561269,MG5 banner generated_events is not 10000
skipped_nonmatching_events,/mnt/ssd2/Projects/4H/MG5_aMC_v3_5_15/gg_4h_c3d4/Events/run_gg_4h_2_0.5_-70.7107,HW-run_gg_4h_2_0.5_-70.7107,2,0.5,-70.7107,/mnt/ssd2/Projects/4H/MG5_aMC_v3_5_15/gg_4h_c3d4/Events/run_gg_4h_2_0.5_-70.7107/unweighted_events.lhe.gz,1,HerwigSignalPoints/c3d4_10k/HW-run_gg_4h_2_0.5_-70.7107.in,HerwigSignalPoints/c3d4_10k/HW-run_gg_4h_2_0.5_-70.7107.run,HerwigSignalPoints/c3d4_10k/events/HW-run_gg_4h_2_0.5_-70.7107.root,HerwigSignalPoints/c3d4_10k/events/HW-run_gg_4h_2_0.5_-70.7107_var.smearCMS.root,10000,93503310,MG5 banner generated_events is not 10000
skipped_nonmatching_events,/mnt/ssd2/Projects/4H/MG5_aMC_v3_5_15/gg_4h_c3d4/Events/run_gg_4h_2_0.5_0.0,HW-run_gg_4h_2_0.5_0.0,2,0.5,0.0,/mnt/ssd2/Projects/4H/MG5_aMC_v3_5_15/gg_4h_c3d4/Events/run_gg_4h_2_0.5_0.0/unweighted_events.lhe.gz,1,HerwigSignalPoints/c3d4_10k/HW-run_gg_4h_2_0.5_0.0.in,HerwigSignalPoints/c3d4_10k/HW-run_gg_4h_2_0.5_0.0.run,HerwigSignalPoints/c3d4_10k/events/HW-run_gg_4h_2_0.5_0.0.root,HerwigSignalPoints/c3d4_10k/events/HW-run_gg_4h_2_0.5_0.0_var.smearCMS.root,10000,65762232,MG5 banner generated_events is not 10000
skipped_nonmatching_events,/mnt/ssd2/Projects/4H/MG5_aMC_v3_5_15/gg_4h_c3d4/Events/run_gg_4h_2_0.5_100.0,HW-run_gg_4h_2_0.5_100.0,2,0.5,100.0,/mnt/ssd2/Projects/4H/MG5_aMC_v3_5_15/gg_4h_c3d4/Events/run_gg_4h_2_0.5_100.0/unweighted_events.lhe.gz,1,HerwigSignalPoints/c3d4_10k/HW-run_gg_4h_2_0.5_100.0.in,HerwigSignalPoints/c3d4_10k/HW-run_gg_4h_2_0.5_100.0.run,HerwigSignalPoints/c3d4_10k/events/HW-run_gg_4h_2_0.5_100.0.root,HerwigSignalPoints/c3d4_10k/events/HW-run_gg_4h_2_0.5_100.0_var.smearCMS.root,10000,85745682,MG5 banner generated_events is not 10000
skipped_nonmatching_events,/mnt/ssd2/Projects/4H/MG5_aMC_v3_5_15/gg_4h_c3d4/Events/run_gg_4h_2_0.5_70.7107,HW-run_gg_4h_2_0.5_70.7107,2,0.5,70.7107,/mnt/ssd2/Projects/4H/MG5_aMC_v3_5_15/gg_4h_c3d4/Events/run_gg_4h_2_0.5_70.7107/unweighted_events.lhe.gz,1,HerwigSignalPoints/c3d4_10k/HW-run_gg_4h_2_0.5_70.7107.in,HerwigSignalPoints/c3d4_10k/HW-run_gg_4h_2_0.5_70.7107.run,HerwigSignalPoints/c3d4_10k/events/HW-run_gg_4h_2_0.5_70.7107.root,HerwigSignalPoints/c3d4_10k/events/HW-run_gg_4h_2_0.5_70.7107_var.smearCMS.root,10000,114059264,MG5 banner generated_events is not 10000
skipped_nonmatching_events,/mnt/ssd2/Projects/4H/MG5_aMC_v3_5_15/gg_4h_c3d4/Events/run_gg_4h_2_0.707107_0.0,HW-run_gg_4h_2_0.707107_0.0,2,0.707107,0.0,/mnt/ssd2/Projects/4H/MG5_aMC_v3_5_15/gg_4h_c3d4/Events/run_gg_4h_2_0.707107_0.0/unweighted_events.lhe.gz,1,HerwigSignalPoints/c3d4_10k/HW-run_gg_4h_2_0.707107_0.0.in,HerwigSignalPoints/c3d4_10k/HW-run_gg_4h_2_0.707107_0.0.run,HerwigSignalPoints/c3d4_10k/events/HW-run_gg_4h_2_0.707107_0.0.root,HerwigSignalPoints/c3d4_10k/events/HW-run_gg_4h_2_0.707107_0.0_var.smearCMS.root,10000,54274935,MG5 banner generated_events is not 10000
skipped_nonmatching_events,/mnt/ssd2/Projects/4H/MG5_aMC_v3_5_15/gg_4h_c3d4/Events/run_gg_4h_2_0.866025_-100.0,HW-run_gg_4h_2_0.866025_-100.0,2,0.866025,-100.0,/mnt/ssd2/Projects/4H/MG5_aMC_v3_5_15/gg_4h_c3d4/Events/run_gg_4h_2_0.866025_-100.0/unweighted_events.lhe.gz,1,HerwigSignalPoints/c3d4_10k/HW-run_gg_4h_2_0.866025_-100.0.in,HerwigSignalPoints/c3d4_10k/HW-run_gg_4h_2_0.866025_-100.0.run,HerwigSignalPoints/c3d4_10k/events/HW-run_gg_4h_2_0.866025_-100.0.root,HerwigSignalPoints/c3d4_10k/events/HW-run_gg_4h_2_0.866025_-100.0_var.smearCMS.root,10000,70759340,MG5 banner generated_events is not 10000
skipped_nonmatching_events,/mnt/ssd2/Projects/4H/MG5_aMC_v3_5_15/gg_4h_c3d4/Events/run_gg_4h_2_0.866025_-70.7107,HW-run_gg_4h_2_0.866025_-70.7107,2,0.866025,-70.7107,/mnt/ssd2/Projects/4H/MG5_aMC_v3_5_15/gg_4h_c3d4/Events/run_gg_4h_2_0.866025_-70.7107/unweighted_events.lhe.gz,1,HerwigSignalPoints/c3d4_10k/HW-run_gg_4h_2_0.866025_-70.7107.in,HerwigSignalPoints/c3d4_10k/HW-run_gg_4h_2_0.866025_-70.7107.run,HerwigSignalPoints/c3d4_10k/events/HW-run_gg_4h_2_0.866025_-70.7107.root,HerwigSignalPoints/c3d4_10k/events/HW-run_gg_4h_2_0.866025_-70.7107_var.smearCMS.root,10000,103261968,MG5 banner generated_events is not 10000
skipped_nonmatching_events,/mnt/ssd2/Projects/4H/MG5_aMC_v3_5_15/gg_4h_c3d4/Events/run_gg_4h_2_0.866025_0.0,HW-run_gg_4h_2_0.866025_0.0,2,0.866025,0.0,/mnt/ssd2/Projects/4H/MG5_aMC_v3_5_15/gg_4h_c3d4/Events/run_gg_4h_2_0.866025_0.0/unweighted_events.lhe.gz,1,HerwigSignalPoints/c3d4_10k/HW-run_gg_4h_2_0.866025_0.0.in,HerwigSignalPoints/c3d4_10k/HW-run_gg_4h_2_0.866025_0.0.run,HerwigSignalPoints/c3d4_10k/events/HW-run_gg_4h_2_0.866025_0.0.root,HerwigSignalPoints/c3d4_10k/events/HW-run_gg_4h_2_0.866025_0.0_var.smearCMS.root,10000,53494684,MG5 banner generated_events is not 10000
skipped_nonmatching_events,/mnt/ssd2/Projects/4H/MG5_aMC_v3_5_15/gg_4h_c3d4/Events/run_gg_4h_2_0.866025_100.0,HW-run_gg_4h_2_0.866025_100.0,2,0.866025,100.0,/mnt/ssd2/Projects/4H/MG5_aMC_v3_5_15/gg_4h_c3d4/Events/run_gg_4h_2_0.866025_100.0/unweighted_events.lhe.gz,1,HerwigSignalPoints/c3d4_10k/HW-run_gg_4h_2_0.866025_100.0.in,HerwigSignalPoints/c3d4_10k/HW-run_gg_4h_2_0.866025_100.0.run,HerwigSignalPoints/c3d4_10k/events/HW-run_gg_4h_2_0.866025_100.0.root,HerwigSignalPoints/c3d4_10k/events/HW-run_gg_4h_2_0.866025_100.0_var.smearCMS.root,10000,84956864,MG5 banner generated_events is not 10000
skipped_nonmatching_events,/mnt/ssd2/Projects/4H/MG5_aMC_v3_5_15/gg_4h_c3d4/Events/run_gg_4h_2_0.866025_70.7107,HW-run_gg_4h_2_0.866025_70.7107,2,0.866025,70.7107,/mnt/ssd2/Projects/4H/MG5_aMC_v3_5_15/gg_4h_c3d4/Events/run_gg_4h_2_0.866025_70.7107/unweighted_events.lhe.gz,1,HerwigSignalPoints/c3d4_10k/HW-run_gg_4h_2_0.866025_70.7107.in,HerwigSignalPoints/c3d4_10k/HW-run_gg_4h_2_0.866025_70.7107.run,HerwigSignalPoints/c3d4_10k/events/HW-run_gg_4h_2_0.866025_70.7107.root,HerwigSignalPoints/c3d4_10k/events/HW-run_gg_4h_2_0.866025_70.7107_var.smearCMS.root,10000,113634514,MG5 banner generated_events is not 10000
skipped_nonmatching_events,/mnt/ssd2/Projects/4H/MG5_aMC_v3_5_15/gg_4h_c3d4/Events/run_gg_4h_2_0.965926_0.0,HW-run_gg_4h_2_0.965926_0.0,2,0.965926,0.0,/mnt/ssd2/Projects/4H/MG5_aMC_v3_5_15/gg_4h_c3d4/Events/run_gg_4h_2_0.965926_0.0/unweighted_events.lhe.gz,1,HerwigSignalPoints/c3d4_10k/HW-run_gg_4h_2_0.965926_0.0.in,HerwigSignalPoints/c3d4_10k/HW-run_gg_4h_2_0.965926_0.0.run,HerwigSignalPoints/c3d4_10k/events/HW-run_gg_4h_2_0.965926_0.0.root,HerwigSignalPoints/c3d4_10k/events/HW-run_gg_4h_2_0.965926_0.0_var.smearCMS.root,10000,129975339,MG5 banner generated_events is not 10000
skipped_nonmatching_events,/mnt/ssd2/Projects/4H/MG5_aMC_v3_5_15/gg_4h_c3d4/Events/run_gg_4h_2_1.0_-100.0,HW-run_gg_4h_2_1.0_-100.0,2,1.0,-100.0,/mnt/ssd2/Projects/4H/MG5_aMC_v3_5_15/gg_4h_c3d4/Events/run_gg_4h_2_1.0_-100.0/unweighted_events.lhe.gz,1,HerwigSignalPoints/c3d4_10k/HW-run_gg_4h_2_1.0_-100.0.in,HerwigSignalPoints/c3d4_10k/HW-run_gg_4h_2_1.0_-100.0.run,HerwigSignalPoints/c3d4_10k/events/HW-run_gg_4h_2_1.0_-100.0.root,HerwigSignalPoints/c3d4_10k/events/HW-run_gg_4h_2_1.0_-100.0_var.smearCMS.root,10000,39313127,MG5 banner generated_events is not 10000
skipped_nonmatching_events,/mnt/ssd2/Projects/4H/MG5_aMC_v3_5_15/gg_4h_c3d4/Events/run_gg_4h_2_1.0_-70.7107,HW-run_gg_4h_2_1.0_-70.7107,2,1.0,-70.7107,/mnt/ssd2/Projects/4H/MG5_aMC_v3_5_15/gg_4h_c3d4/Events/run_gg_4h_2_1.0_-70.7107/unweighted_events.lhe.gz,1,HerwigSignalPoints/c3d4_10k/HW-run_gg_4h_2_1.0_-70.7107.in,HerwigSignalPoints/c3d4_10k/HW-run_gg_4h_2_1.0_-70.7107.run,HerwigSignalPoints/c3d4_10k/events/HW-run_gg_4h_2_1.0_-70.7107.root,HerwigSignalPoints/c3d4_10k/events/HW-run_gg_4h_2_1.0_-70.7107_var.smearCMS.root,10000,46317113,MG5 banner generated_events is not 10000
skipped_nonmatching_events,/mnt/ssd2/Projects/4H/MG5_aMC_v3_5_15/gg_4h_c3d4/Events/run_gg_4h_2_1.0_0.0,HW-run_gg_4h_2_1.0_0.0,2,1.0,0.0,/mnt/ssd2/Projects/4H/MG5_aMC_v3_5_15/gg_4h_c3d4/Events/run_gg_4h_2_1.0_0.0/unweighted_events.lhe.gz,1,HerwigSignalPoints/c3d4_10k/HW-run_gg_4h_2_1.0_0.0.in,HerwigSignalPoints/c3d4_10k/HW-run_gg_4h_2_1.0_0.0.run,HerwigSignalPoints/c3d4_10k/events/HW-run_gg_4h_2_1.0_0.0.root,HerwigSignalPoints/c3d4_10k/events/HW-run_gg_4h_2_1.0_0.0_var.smearCMS.root,10000,122506666,MG5 banner generated_events is not 10000
skipped_nonmatching_events,/mnt/ssd2/Projects/4H/MG5_aMC_v3_5_15/gg_4h_c3d4/Events/run_gg_4h_2_1.0_100.0,HW-run_gg_4h_2_1.0_100.0,2,1.0,100.0,/mnt/ssd2/Projects/4H/MG5_aMC_v3_5_15/gg_4h_c3d4/Events/run_gg_4h_2_1.0_100.0/unweighted_events.lhe.gz,1,HerwigSignalPoints/c3d4_10k/HW-run_gg_4h_2_1.0_100.0.in,HerwigSignalPoints/c3d4_10k/HW-run_gg_4h_2_1.0_100.0.run,HerwigSignalPoints/c3d4_10k/events/HW-run_gg_4h_2_1.0_100.0.root,HerwigSignalPoints/c3d4_10k/events/HW-run_gg_4h_2_1.0_100.0_var.smearCMS.root,10000,38246309,MG5 banner generated_events is not 10000
skipped_nonmatching_events,/mnt/ssd2/Projects/4H/MG5_aMC_v3_5_15/gg_4h_c3d4/Events/run_gg_4h_2_1.0_70.7107,HW-run_gg_4h_2_1.0_70.7107,2,1.0,70.7107,/mnt/ssd2/Projects/4H/MG5_aMC_v3_5_15/gg_4h_c3d4/Events/run_gg_4h_2_1.0_70.7107/unweighted_events.lhe.gz,1,HerwigSignalPoints/c3d4_10k/HW-run_gg_4h_2_1.0_70.7107.in,HerwigSignalPoints/c3d4_10k/HW-run_gg_4h_2_1.0_70.7107.run,HerwigSignalPoints/c3d4_10k/events/HW-run_gg_4h_2_1.0_70.7107.root,HerwigSignalPoints/c3d4_10k/events/HW-run_gg_4h_2_1.0_70.7107_var.smearCMS.root,10000,38779583,MG5 banner generated_events is not 10000
skipped_nonmatching_events,/mnt/ssd2/Projects/4H/MG5_aMC_v3_5_15/gg_4h_c3d4/Events/run_gg_4h_3_-15.0_0.0,HW-run_gg_4h_3_-15.0_0.0,3,-15.0,0.0,/mnt/ssd2/Projects/4H/MG5_aMC_v3_5_15/gg_4h_c3d4/Events/run_gg_4h_3_-15.0_0.0/unweighted_events.lhe.gz,1,HerwigSignalPoints/c3d4_10k/HW-run_gg_4h_3_-15.0_0.0.in,HerwigSignalPoints/c3d4_10k/HW-run_gg_4h_3_-15.0_0.0.run,HerwigSignalPoints/c3d4_10k/events/HW-run_gg_4h_3_-15.0_0.0.root,HerwigSignalPoints/c3d4_10k/events/HW-run_gg_4h_3_-15.0_0.0_var.smearCMS.root,10000,81869876,MG5 banner generated_events is not 10000
skipped_nonmatching_events,/mnt/ssd2/Projects/4H/MG5_aMC_v3_5_15/gg_4h_c3d4/Events/run_gg_4h_3_-21.2132_-700.0,HW-run_gg_4h_3_-21.2132_-700.0,3,-21.2132,-700.0,/mnt/ssd2/Projects/4H/MG5_aMC_v3_5_15/gg_4h_c3d4/Events/run_gg_4h_3_-21.2132_-700.0/unweighted_events.lhe.gz,1,HerwigSignalPoints/c3d4_10k/HW-run_gg_4h_3_-21.2132_-700.0.in,HerwigSignalPoints/c3d4_10k/HW-run_gg_4h_3_-21.2132_-700.0.run,HerwigSignalPoints/c3d4_10k/events/HW-run_gg_4h_3_-21.2132_-700.0.root,HerwigSignalPoints/c3d4_10k/events/HW-run_gg_4h_3_-21.2132_-700.0_var.smearCMS.root,10000,100098445,MG5 banner generated_events is not 10000
skipped_nonmatching_events,/mnt/ssd2/Projects/4H/MG5_aMC_v3_5_15/gg_4h_c3d4/Events/run_gg_4h_3_-21.2132_700.0,HW-run_gg_4h_3_-21.2132_700.0,3,-21.2132,700.0,/mnt/ssd2/Projects/4H/MG5_aMC_v3_5_15/gg_4h_c3d4/Events/run_gg_4h_3_-21.2132_700.0/unweighted_events.lhe.gz,1,HerwigSignalPoints/c3d4_10k/HW-run_gg_4h_3_-21.2132_700.0.in,HerwigSignalPoints/c3d4_10k/HW-run_gg_4h_3_-21.2132_700.0.run,HerwigSignalPoints/c3d4_10k/events/HW-run_gg_4h_3_-21.2132_700.0.root,HerwigSignalPoints/c3d4_10k/events/HW-run_gg_4h_3_-21.2132_700.0_var.smearCMS.root,10000,77399165,MG5 banner generated_events is not 10000
skipped_nonmatching_events,/mnt/ssd2/Projects/4H/MG5_aMC_v3_5_15/gg_4h_c3d4/Events/run_gg_4h_3_-25.9808_0.0,HW-run_gg_4h_3_-25.9808_0.0,3,-25.9808,0.0,/mnt/ssd2/Projects/4H/MG5_aMC_v3_5_15/gg_4h_c3d4/Events/run_gg_4h_3_-25.9808_0.0/unweighted_events.lhe.gz,1,HerwigSignalPoints/c3d4_10k/HW-run_gg_4h_3_-25.9808_0.0.in,HerwigSignalPoints/c3d4_10k/HW-run_gg_4h_3_-25.9808_0.0.run,HerwigSignalPoints/c3d4_10k/events/HW-run_gg_4h_3_-25.9808_0.0.root,HerwigSignalPoints/c3d4_10k/events/HW-run_gg_4h_3_-25.9808_0.0_var.smearCMS.root,10000,43772004,MG5 banner generated_events is not 10000
skipped_nonmatching_events,/mnt/ssd2/Projects/4H/MG5_aMC_v3_5_15/gg_4h_c3d4/Events/run_gg_4h_3_-30.0_-700.0,HW-run_gg_4h_3_-30.0_-700.0,3,-30.0,-700.0,/mnt/ssd2/Projects/4H/MG5_aMC_v3_5_15/gg_4h_c3d4/Events/run_gg_4h_3_-30.0_-700.0/unweighted_events.lhe.gz,1,HerwigSignalPoints/c3d4_10k/HW-run_gg_4h_3_-30.0_-700.0.in,HerwigSignalPoints/c3d4_10k/HW-run_gg_4h_3_-30.0_-700.0.run,HerwigSignalPoints/c3d4_10k/events/HW-run_gg_4h_3_-30.0_-700.0.root,HerwigSignalPoints/c3d4_10k/events/HW-run_gg_4h_3_-30.0_-700.0_var.smearCMS.root,10000,95096794,MG5 banner generated_events is not 10000
skipped_nonmatching_events,/mnt/ssd2/Projects/4H/MG5_aMC_v3_5_15/gg_4h_c3d4/Events/run_gg_4h_3_-30.0_0.0,HW-run_gg_4h_3_-30.0_0.0,3,-30.0,0.0,/mnt/ssd2/Projects/4H/MG5_aMC_v3_5_15/gg_4h_c3d4/Events/run_gg_4h_3_-30.0_0.0/unweighted_events.lhe.gz,1,HerwigSignalPoints/c3d4_10k/HW-run_gg_4h_3_-30.0_0.0.in,HerwigSignalPoints/c3d4_10k/HW-run_gg_4h_3_-30.0_0.0.run,HerwigSignalPoints/c3d4_10k/events/HW-run_gg_4h_3_-30.0_0.0.root,HerwigSignalPoints/c3d4_10k/events/HW-run_gg_4h_3_-30.0_0.0_var.smearCMS.root,10000,118738956,MG5 banner generated_events is not 10000
skipped_nonmatching_events,/mnt/ssd2/Projects/4H/MG5_aMC_v3_5_15/gg_4h_c3d4/Events/run_gg_4h_3_-30.0_700.0,HW-run_gg_4h_3_-30.0_700.0,3,-30.0,700.0,/mnt/ssd2/Projects/4H/MG5_aMC_v3_5_15/gg_4h_c3d4/Events/run_gg_4h_3_-30.0_700.0/unweighted_events.lhe.gz,1,HerwigSignalPoints/c3d4_10k/HW-run_gg_4h_3_-30.0_700.0.in,HerwigSignalPoints/c3d4_10k/HW-run_gg_4h_3_-30.0_700.0.run,HerwigSignalPoints/c3d4_10k/events/HW-run_gg_4h_3_-30.0_700.0.root,HerwigSignalPoints/c3d4_10k/events/HW-run_gg_4h_3_-30.0_700.0_var.smearCMS.root,10000,123049012,MG5 banner generated_events is not 10000
skipped_nonmatching_events,/mnt/ssd2/Projects/4H/MG5_aMC_v3_5_15/gg_4h_c3d4/Events/run_gg_4h_3_0.0_-700.0,HW-run_gg_4h_3_0.0_-700.0,3,0.0,-700.0,/mnt/ssd2/Projects/4H/MG5_aMC_v3_5_15/gg_4h_c3d4/Events/run_gg_4h_3_0.0_-700.0/unweighted_events.lhe.gz,1,HerwigSignalPoints/c3d4_10k/HW-run_gg_4h_3_0.0_-700.0.in,HerwigSignalPoints/c3d4_10k/HW-run_gg_4h_3_0.0_-700.0.run,HerwigSignalPoints/c3d4_10k/events/HW-run_gg_4h_3_0.0_-700.0.root,HerwigSignalPoints/c3d4_10k/events/HW-run_gg_4h_3_0.0_-700.0_var.smearCMS.root,10000,75227349,MG5 banner generated_events is not 10000
skipped_nonmatching_events,/mnt/ssd2/Projects/4H/MG5_aMC_v3_5_15/gg_4h_c3d4/Events/run_gg_4h_3_0.0_0.0,HW-run_gg_4h_3_0.0_0.0,3,0.0,0.0,/mnt/ssd2/Projects/4H/MG5_aMC_v3_5_15/gg_4h_c3d4/Events/run_gg_4h_3_0.0_0.0/unweighted_events.lhe.gz,1,HerwigSignalPoints/c3d4_10k/HW-run_gg_4h_3_0.0_0.0.in,HerwigSignalPoints/c3d4_10k/HW-run_gg_4h_3_0.0_0.0.run,HerwigSignalPoints/c3d4_10k/events/HW-run_gg_4h_3_0.0_0.0.root,HerwigSignalPoints/c3d4_10k/events/HW-run_gg_4h_3_0.0_0.0_var.smearCMS.root,10000,45012985,MG5 banner generated_events is not 10000
skipped_nonmatching_events,/mnt/ssd2/Projects/4H/MG5_aMC_v3_5_15/gg_4h_c3d4/Events/run_gg_4h_3_0.0_700.0,HW-run_gg_4h_3_0.0_700.0,3,0.0,700.0,/mnt/ssd2/Projects/4H/MG5_aMC_v3_5_15/gg_4h_c3d4/Events/run_gg_4h_3_0.0_700.0/unweighted_events.lhe.gz,1,HerwigSignalPoints/c3d4_10k/HW-run_gg_4h_3_0.0_700.0.in,HerwigSignalPoints/c3d4_10k/HW-run_gg_4h_3_0.0_700.0.run,HerwigSignalPoints/c3d4_10k/events/HW-run_gg_4h_3_0.0_700.0.root,HerwigSignalPoints/c3d4_10k/events/HW-run_gg_4h_3_0.0_700.0_var.smearCMS.root,10000,31866559,MG5 banner generated_events is not 10000
skipped_nonmatching_events,/mnt/ssd2/Projects/4H/MG5_aMC_v3_5_15/gg_4h_c3d4/Events/run_gg_4h_3_15.0_0.0,HW-run_gg_4h_3_15.0_0.0,3,15.0,0.0,/mnt/ssd2/Projects/4H/MG5_aMC_v3_5_15/gg_4h_c3d4/Events/run_gg_4h_3_15.0_0.0/unweighted_events.lhe.gz,1,HerwigSignalPoints/c3d4_10k/HW-run_gg_4h_3_15.0_0.0.in,HerwigSignalPoints/c3d4_10k/HW-run_gg_4h_3_15.0_0.0.run,HerwigSignalPoints/c3d4_10k/events/HW-run_gg_4h_3_15.0_0.0.root,HerwigSignalPoints/c3d4_10k/events/HW-run_gg_4h_3_15.0_0.0_var.smearCMS.root,10000,127059150,MG5 banner generated_events is not 10000
skipped_nonmatching_events,/mnt/ssd2/Projects/4H/MG5_aMC_v3_5_15/gg_4h_c3d4/Events/run_gg_4h_3_21.2132_-700.0,HW-run_gg_4h_3_21.2132_-700.0,3,21.2132,-700.0,/mnt/ssd2/Projects/4H/MG5_aMC_v3_5_15/gg_4h_c3d4/Events/run_gg_4h_3_21.2132_-700.0/unweighted_events.lhe.gz,1,HerwigSignalPoints/c3d4_10k/HW-run_gg_4h_3_21.2132_-700.0.in,HerwigSignalPoints/c3d4_10k/HW-run_gg_4h_3_21.2132_-700.0.run,HerwigSignalPoints/c3d4_10k/events/HW-run_gg_4h_3_21.2132_-700.0.root,HerwigSignalPoints/c3d4_10k/events/HW-run_gg_4h_3_21.2132_-700.0_var.smearCMS.root,10000,101552894,MG5 banner generated_events is not 10000
skipped_nonmatching_events,/mnt/ssd2/Projects/4H/MG5_aMC_v3_5_15/gg_4h_c3d4/Events/run_gg_4h_3_21.2132_700.0,HW-run_gg_4h_3_21.2132_700.0,3,21.2132,700.0,/mnt/ssd2/Projects/4H/MG5_aMC_v3_5_15/gg_4h_c3d4/Events/run_gg_4h_3_21.2132_700.0/unweighted_events.lhe.gz,1,HerwigSignalPoints/c3d4_10k/HW-run_gg_4h_3_21.2132_700.0.in,HerwigSignalPoints/c3d4_10k/HW-run_gg_4h_3_21.2132_700.0.run,HerwigSignalPoints/c3d4_10k/events/HW-run_gg_4h_3_21.2132_700.0.root,HerwigSignalPoints/c3d4_10k/events/HW-run_gg_4h_3_21.2132_700.0_var.smearCMS.root,10000,31797434,MG5 banner generated_events is not 10000
skipped_nonmatching_events,/mnt/ssd2/Projects/4H/MG5_aMC_v3_5_15/gg_4h_c3d4/Events/run_gg_4h_3_25.9808_0.0,HW-run_gg_4h_3_25.9808_0.0,3,25.9808,0.0,/mnt/ssd2/Projects/4H/MG5_aMC_v3_5_15/gg_4h_c3d4/Events/run_gg_4h_3_25.9808_0.0/unweighted_events.lhe.gz,1,HerwigSignalPoints/c3d4_10k/HW-run_gg_4h_3_25.9808_0.0.in,HerwigSignalPoints/c3d4_10k/HW-run_gg_4h_3_25.9808_0.0.run,HerwigSignalPoints/c3d4_10k/events/HW-run_gg_4h_3_25.9808_0.0.root,HerwigSignalPoints/c3d4_10k/events/HW-run_gg_4h_3_25.9808_0.0_var.smearCMS.root,10000,52320427,MG5 banner generated_events is not 10000
skipped_nonmatching_events,/mnt/ssd2/Projects/4H/MG5_aMC_v3_5_15/gg_4h_c3d4/Events/run_gg_4h_3_30.0_-700.0,HW-run_gg_4h_3_30.0_-700.0,3,30.0,-700.0,/mnt/ssd2/Projects/4H/MG5_aMC_v3_5_15/gg_4h_c3d4/Events/run_gg_4h_3_30.0_-700.0/unweighted_events.lhe.gz,1,HerwigSignalPoints/c3d4_10k/HW-run_gg_4h_3_30.0_-700.0.in,HerwigSignalPoints/c3d4_10k/HW-run_gg_4h_3_30.0_-700.0.run,HerwigSignalPoints/c3d4_10k/events/HW-run_gg_4h_3_30.0_-700.0.root,HerwigSignalPoints/c3d4_10k/events/HW-run_gg_4h_3_30.0_-700.0_var.smearCMS.root,10000,65899594,MG5 banner generated_events is not 10000
skipped_nonmatching_events,/mnt/ssd2/Projects/4H/MG5_aMC_v3_5_15/gg_4h_c3d4/Events/run_gg_4h_3_30.0_0.0,HW-run_gg_4h_3_30.0_0.0,3,30.0,0.0,/mnt/ssd2/Projects/4H/MG5_aMC_v3_5_15/gg_4h_c3d4/Events/run_gg_4h_3_30.0_0.0/unweighted_events.lhe.gz,1,HerwigSignalPoints/c3d4_10k/HW-run_gg_4h_3_30.0_0.0.in,HerwigSignalPoints/c3d4_10k/HW-run_gg_4h_3_30.0_0.0.run,HerwigSignalPoints/c3d4_10k/events/HW-run_gg_4h_3_30.0_0.0.root,HerwigSignalPoints/c3d4_10k/events/HW-run_gg_4h_3_30.0_0.0_var.smearCMS.root,10000,31806667,MG5 banner generated_events is not 10000
skipped_nonmatching_events,/mnt/ssd2/Projects/4H/MG5_aMC_v3_5_15/gg_4h_c3d4/Events/run_gg_4h_3_30.0_700.0,HW-run_gg_4h_3_30.0_700.0,3,30.0,700.0,/mnt/ssd2/Projects/4H/MG5_aMC_v3_5_15/gg_4h_c3d4/Events/run_gg_4h_3_30.0_700.0/unweighted_events.lhe.gz,1,HerwigSignalPoints/c3d4_10k/HW-run_gg_4h_3_30.0_700.0.in,HerwigSignalPoints/c3d4_10k/HW-run_gg_4h_3_30.0_700.0.run,HerwigSignalPoints/c3d4_10k/events/HW-run_gg_4h_3_30.0_700.0.root,HerwigSignalPoints/c3d4_10k/events/HW-run_gg_4h_3_30.0_700.0_var.smearCMS.root,10000,98073955,MG5 banner generated_events is not 10000
skipped_existing,/mnt/ssd2/Projects/4H/MG5_aMC_v3_5_15/gg_4h_c3d4/Events/run_gg_4h_4_-0.258819_0.0,HW-run_gg_4h_4_-0.258819_0.0,4,-0.258819,0.0,/mnt/ssd2/Projects/4H/MG5_aMC_v3_5_15/gg_4h_c3d4/Events/run_gg_4h_4_-0.258819_0.0/unweighted_events.lhe.gz,10000,HerwigSignalPoints/c3d4_10k/HW-run_gg_4h_4_-0.258819_0.0.in,HerwigSignalPoints/c3d4_10k/HW-run_gg_4h_4_-0.258819_0.0.run,HerwigSignalPoints/c3d4_10k/events/HW-run_gg_4h_4_-0.258819_0.0.root,HerwigSignalPoints/c3d4_10k/events/HW-run_gg_4h_4_-0.258819_0.0_var.smearCMS.root,10000,42943647,existing target(s): HerwigSignalPoints/c3d4_10k/HW-run_gg_4h_4_-0.258819_0.0.in;HerwigSignalPoints/c3d4_10k/HW-run_gg_4h_4_-0.258819_0.0.run;HerwigSignalPoints/c3d4_10k/HW-run_gg_4h_4_-0.258819_0.0.out;HerwigSignalPoints/c3d4_10k/HW-run_gg_4h_4_-0.258819_0.0.log;HerwigSignalPoints/c3d4_10k/events/HW-run_gg_4h_4_-0.258819_0.0.root
skipped_existing,/mnt/ssd2/Projects/4H/MG5_aMC_v3_5_15/gg_4h_c3d4/Events/run_gg_4h_4_-0.5_-100.0,HW-run_gg_4h_4_-0.5_-100.0,4,-0.5,-100.0,/mnt/ssd2/Projects/4H/MG5_aMC_v3_5_15/gg_4h_c3d4/Events/run_gg_4h_4_-0.5_-100.0/unweighted_events.lhe.gz,10000,HerwigSignalPoints/c3d4_10k/HW-run_gg_4h_4_-0.5_-100.0.in,HerwigSignalPoints/c3d4_10k/HW-run_gg_4h_4_-0.5_-100.0.run,HerwigSignalPoints/c3d4_10k/events/HW-run_gg_4h_4_-0.5_-100.0.root,HerwigSignalPoints/c3d4_10k/events/HW-run_gg_4h_4_-0.5_-100.0_var.smearCMS.root,10000,84592860,existing target(s): HerwigSignalPoints/c3d4_10k/HW-run_gg_4h_4_-0.5_-100.0.in;HerwigSignalPoints/c3d4_10k/HW-run_gg_4h_4_-0.5_-100.0.run;HerwigSignalPoints/c3d4_10k/HW-run_gg_4h_4_-0.5_-100.0.out;HerwigSignalPoints/c3d4_10k/HW-run_gg_4h_4_-0.5_-100.0.log;HerwigSignalPoints/c3d4_10k/events/HW-run_gg_4h_4_-0.5_-100.0.root
skipped_existing,/mnt/ssd2/Projects/4H/MG5_aMC_v3_5_15/gg_4h_c3d4/Events/run_gg_4h_4_-0.5_-70.7107,HW-run_gg_4h_4_-0.5_-70.7107,4,-0.5,-70.7107,/mnt/ssd2/Projects/4H/MG5_aMC_v3_5_15/gg_4h_c3d4/Events/run_gg_4h_4_-0.5_-70.7107/unweighted_events.lhe.gz,10000,HerwigSignalPoints/c3d4_10k/HW-run_gg_4h_4_-0.5_-70.7107.in,HerwigSignalPoints/c3d4_10k/HW-run_gg_4h_4_-0.5_-70.7107.run,HerwigSignalPoints/c3d4_10k/events/HW-run_gg_4h_4_-0.5_-70.7107.root,HerwigSignalPoints/c3d4_10k/events/HW-run_gg_4h_4_-0.5_-70.7107_var.smearCMS.root,10000,101915745,existing target(s): HerwigSignalPoints/c3d4_10k/HW-run_gg_4h_4_-0.5_-70.7107.in;HerwigSignalPoints/c3d4_10k/HW-run_gg_4h_4_-0.5_-70.7107.run;HerwigSignalPoints/c3d4_10k/HW-run_gg_4h_4_-0.5_-70.7107.out;HerwigSignalPoints/c3d4_10k/HW-run_gg_4h_4_-0.5_-70.7107.log;HerwigSignalPoints/c3d4_10k/events/HW-run_gg_4h_4_-0.5_-70.7107.root
skipped_existing,/mnt/ssd2/Projects/4H/MG5_aMC_v3_5_15/gg_4h_c3d4/Events/run_gg_4h_4_-0.5_0.0,HW-run_gg_4h_4_-0.5_0.0,4,-0.5,0.0,/mnt/ssd2/Projects/4H/MG5_aMC_v3_5_15/gg_4h_c3d4/Events/run_gg_4h_4_-0.5_0.0/unweighted_events.lhe.gz,10000,HerwigSignalPoints/c3d4_10k/HW-run_gg_4h_4_-0.5_0.0.in,HerwigSignalPoints/c3d4_10k/HW-run_gg_4h_4_-0.5_0.0.run,HerwigSignalPoints/c3d4_10k/events/HW-run_gg_4h_4_-0.5_0.0.root,HerwigSignalPoints/c3d4_10k/events/HW-run_gg_4h_4_-0.5_0.0_var.smearCMS.root,10000,48308508,existing target(s): HerwigSignalPoints/c3d4_10k/HW-run_gg_4h_4_-0.5_0.0.in;HerwigSignalPoints/c3d4_10k/HW-run_gg_4h_4_-0.5_0.0.run;HerwigSignalPoints/c3d4_10k/HW-run_gg_4h_4_-0.5_0.0.out;HerwigSignalPoints/c3d4_10k/HW-run_gg_4h_4_-0.5_0.0.log;HerwigSignalPoints/c3d4_10k/events/HW-run_gg_4h_4_-0.5_0.0.root
skipped_existing,/mnt/ssd2/Projects/4H/MG5_aMC_v3_5_15/gg_4h_c3d4/Events/run_gg_4h_4_-0.5_100.0,HW-run_gg_4h_4_-0.5_100.0,4,-0.5,100.0,/mnt/ssd2/Projects/4H/MG5_aMC_v3_5_15/gg_4h_c3d4/Events/run_gg_4h_4_-0.5_100.0/unweighted_events.lhe.gz,10000,HerwigSignalPoints/c3d4_10k/HW-run_gg_4h_4_-0.5_100.0.in,HerwigSignalPoints/c3d4_10k/HW-run_gg_4h_4_-0.5_100.0.run,HerwigSignalPoints/c3d4_10k/events/HW-run_gg_4h_4_-0.5_100.0.root,HerwigSignalPoints/c3d4_10k/events/HW-run_gg_4h_4_-0.5_100.0_var.smearCMS.root,10000,50407077,existing target(s): HerwigSignalPoints/c3d4_10k/HW-run_gg_4h_4_-0.5_100.0.in
skipped_existing,/mnt/ssd2/Projects/4H/MG5_aMC_v3_5_15/gg_4h_c3d4/Events/run_gg_4h_4_-0.5_70.7107,HW-run_gg_4h_4_-0.5_70.7107,4,-0.5,70.7107,/mnt/ssd2/Projects/4H/MG5_aMC_v3_5_15/gg_4h_c3d4/Events/run_gg_4h_4_-0.5_70.7107/unweighted_events.lhe.gz,10000,HerwigSignalPoints/c3d4_10k/HW-run_gg_4h_4_-0.5_70.7107.in,HerwigSignalPoints/c3d4_10k/HW-run_gg_4h_4_-0.5_70.7107.run,HerwigSignalPoints/c3d4_10k/events/HW-run_gg_4h_4_-0.5_70.7107.root,HerwigSignalPoints/c3d4_10k/events/HW-run_gg_4h_4_-0.5_70.7107_var.smearCMS.root,10000,124422390,existing target(s): HerwigSignalPoints/c3d4_10k/HW-run_gg_4h_4_-0.5_70.7107.in
skipped_existing,/mnt/ssd2/Projects/4H/MG5_aMC_v3_5_15/gg_4h_c3d4/Events/run_gg_4h_4_-0.707107_0.0,HW-run_gg_4h_4_-0.707107_0.0,4,-0.707107,0.0,/mnt/ssd2/Projects/4H/MG5_aMC_v3_5_15/gg_4h_c3d4/Events/run_gg_4h_4_-0.707107_0.0/unweighted_events.lhe.gz,10000,HerwigSignalPoints/c3d4_10k/HW-run_gg_4h_4_-0.707107_0.0.in,HerwigSignalPoints/c3d4_10k/HW-run_gg_4h_4_-0.707107_0.0.run,HerwigSignalPoints/c3d4_10k/events/HW-run_gg_4h_4_-0.707107_0.0.root,HerwigSignalPoints/c3d4_10k/events/HW-run_gg_4h_4_-0.707107_0.0_var.smearCMS.root,10000,86409879,existing target(s): HerwigSignalPoints/c3d4_10k/HW-run_gg_4h_4_-0.707107_0.0.in
skipped_existing,/mnt/ssd2/Projects/4H/MG5_aMC_v3_5_15/gg_4h_c3d4/Events/run_gg_4h_4_-0.866025_-100.0,HW-run_gg_4h_4_-0.866025_-100.0,4,-0.866025,-100.0,/mnt/ssd2/Projects/4H/MG5_aMC_v3_5_15/gg_4h_c3d4/Events/run_gg_4h_4_-0.866025_-100.0/unweighted_events.lhe.gz,10000,HerwigSignalPoints/c3d4_10k/HW-run_gg_4h_4_-0.866025_-100.0.in,HerwigSignalPoints/c3d4_10k/HW-run_gg_4h_4_-0.866025_-100.0.run,HerwigSignalPoints/c3d4_10k/events/HW-run_gg_4h_4_-0.866025_-100.0.root,HerwigSignalPoints/c3d4_10k/events/HW-run_gg_4h_4_-0.866025_-100.0_var.smearCMS.root,10000,88090298,existing target(s): HerwigSignalPoints/c3d4_10k/HW-run_gg_4h_4_-0.866025_-100.0.in
skipped_existing,/mnt/ssd2/Projects/4H/MG5_aMC_v3_5_15/gg_4h_c3d4/Events/run_gg_4h_4_-0.866025_-70.7107,HW-run_gg_4h_4_-0.866025_-70.7107,4,-0.866025,-70.7107,/mnt/ssd2/Projects/4H/MG5_aMC_v3_5_15/gg_4h_c3d4/Events/run_gg_4h_4_-0.866025_-70.7107/unweighted_events.lhe.gz,10000,HerwigSignalPoints/c3d4_10k/HW-run_gg_4h_4_-0.866025_-70.7107.in,HerwigSignalPoints/c3d4_10k/HW-run_gg_4h_4_-0.866025_-70.7107.run,HerwigSignalPoints/c3d4_10k/events/HW-run_gg_4h_4_-0.866025_-70.7107.root,HerwigSignalPoints/c3d4_10k/events/HW-run_gg_4h_4_-0.866025_-70.7107_var.smearCMS.root,10000,126344885,existing target(s): HerwigSignalPoints/c3d4_10k/HW-run_gg_4h_4_-0.866025_-70.7107.in
skipped_existing,/mnt/ssd2/Projects/4H/MG5_aMC_v3_5_15/gg_4h_c3d4/Events/run_gg_4h_4_-0.866025_0.0,HW-run_gg_4h_4_-0.866025_0.0,4,-0.866025,0.0,/mnt/ssd2/Projects/4H/MG5_aMC_v3_5_15/gg_4h_c3d4/Events/run_gg_4h_4_-0.866025_0.0/unweighted_events.lhe.gz,10000,HerwigSignalPoints/c3d4_10k/HW-run_gg_4h_4_-0.866025_0.0.in,HerwigSignalPoints/c3d4_10k/HW-run_gg_4h_4_-0.866025_0.0.run,HerwigSignalPoints/c3d4_10k/events/HW-run_gg_4h_4_-0.866025_0.0.root,HerwigSignalPoints/c3d4_10k/events/HW-run_gg_4h_4_-0.866025_0.0_var.smearCMS.root,10000,119523139,existing target(s): HerwigSignalPoints/c3d4_10k/HW-run_gg_4h_4_-0.866025_0.0.in
skipped_existing,/mnt/ssd2/Projects/4H/MG5_aMC_v3_5_15/gg_4h_c3d4/Events/run_gg_4h_4_-0.866025_100.0,HW-run_gg_4h_4_-0.866025_100.0,4,-0.866025,100.0,/mnt/ssd2/Projects/4H/MG5_aMC_v3_5_15/gg_4h_c3d4/Events/run_gg_4h_4_-0.866025_100.0/unweighted_events.lhe.gz,10000,HerwigSignalPoints/c3d4_10k/HW-run_gg_4h_4_-0.866025_100.0.in,HerwigSignalPoints/c3d4_10k/HW-run_gg_4h_4_-0.866025_100.0.run,HerwigSignalPoints/c3d4_10k/events/HW-run_gg_4h_4_-0.866025_100.0.root,HerwigSignalPoints/c3d4_10k/events/HW-run_gg_4h_4_-0.866025_100.0_var.smearCMS.root,10000,80651057,existing target(s): HerwigSignalPoints/c3d4_10k/HW-run_gg_4h_4_-0.866025_100.0.in
skipped_existing,/mnt/ssd2/Projects/4H/MG5_aMC_v3_5_15/gg_4h_c3d4/Events/run_gg_4h_4_-0.866025_70.7107,HW-run_gg_4h_4_-0.866025_70.7107,4,-0.866025,70.7107,/mnt/ssd2/Projects/4H/MG5_aMC_v3_5_15/gg_4h_c3d4/Events/run_gg_4h_4_-0.866025_70.7107/unweighted_events.lhe.gz,10000,HerwigSignalPoints/c3d4_10k/HW-run_gg_4h_4_-0.866025_70.7107.in,HerwigSignalPoints/c3d4_10k/HW-run_gg_4h_4_-0.866025_70.7107.run,HerwigSignalPoints/c3d4_10k/events/HW-run_gg_4h_4_-0.866025_70.7107.root,HerwigSignalPoints/c3d4_10k/events/HW-run_gg_4h_4_-0.866025_70.7107_var.smearCMS.root,10000,67782304,existing target(s): HerwigSignalPoints/c3d4_10k/HW-run_gg_4h_4_-0.866025_70.7107.in
skipped_existing,/mnt/ssd2/Projects/4H/MG5_aMC_v3_5_15/gg_4h_c3d4/Events/run_gg_4h_4_-0.965926_0.0,HW-run_gg_4h_4_-0.965926_0.0,4,-0.965926,0.0,/mnt/ssd2/Projects/4H/MG5_aMC_v3_5_15/gg_4h_c3d4/Events/run_gg_4h_4_-0.965926_0.0/unweighted_events.lhe.gz,10000,HerwigSignalPoints/c3d4_10k/HW-run_gg_4h_4_-0.965926_0.0.in,HerwigSignalPoints/c3d4_10k/HW-run_gg_4h_4_-0.965926_0.0.run,HerwigSignalPoints/c3d4_10k/events/HW-run_gg_4h_4_-0.965926_0.0.root,HerwigSignalPoints/c3d4_10k/events/HW-run_gg_4h_4_-0.965926_0.0_var.smearCMS.root,10000,105134531,existing target(s): HerwigSignalPoints/c3d4_10k/HW-run_gg_4h_4_-0.965926_0.0.in
skipped_existing,/mnt/ssd2/Projects/4H/MG5_aMC_v3_5_15/gg_4h_c3d4/Events/run_gg_4h_4_-1.0_-100.0,HW-run_gg_4h_4_-1.0_-100.0,4,-1.0,-100.0,/mnt/ssd2/Projects/4H/MG5_aMC_v3_5_15/gg_4h_c3d4/Events/run_gg_4h_4_-1.0_-100.0/unweighted_events.lhe.gz,10000,HerwigSignalPoints/c3d4_10k/HW-run_gg_4h_4_-1.0_-100.0.in,HerwigSignalPoints/c3d4_10k/HW-run_gg_4h_4_-1.0_-100.0.run,HerwigSignalPoints/c3d4_10k/events/HW-run_gg_4h_4_-1.0_-100.0.root,HerwigSignalPoints/c3d4_10k/events/HW-run_gg_4h_4_-1.0_-100.0_var.smearCMS.root,10000,69129297,existing target(s): HerwigSignalPoints/c3d4_10k/HW-run_gg_4h_4_-1.0_-100.0.in
skipped_existing,/mnt/ssd2/Projects/4H/MG5_aMC_v3_5_15/gg_4h_c3d4/Events/run_gg_4h_4_-1.0_-70.7107,HW-run_gg_4h_4_-1.0_-70.7107,4,-1.0,-70.7107,/mnt/ssd2/Projects/4H/MG5_aMC_v3_5_15/gg_4h_c3d4/Events/run_gg_4h_4_-1.0_-70.7107/unweighted_events.lhe.gz,10000,HerwigSignalPoints/c3d4_10k/HW-run_gg_4h_4_-1.0_-70.7107.in,HerwigSignalPoints/c3d4_10k/HW-run_gg_4h_4_-1.0_-70.7107.run,HerwigSignalPoints/c3d4_10k/events/HW-run_gg_4h_4_-1.0_-70.7107.root,HerwigSignalPoints/c3d4_10k/events/HW-run_gg_4h_4_-1.0_-70.7107_var.smearCMS.root,10000,124738059,existing target(s): HerwigSignalPoints/c3d4_10k/HW-run_gg_4h_4_-1.0_-70.7107.in
skipped_existing,/mnt/ssd2/Projects/4H/MG5_aMC_v3_5_15/gg_4h_c3d4/Events/run_gg_4h_4_-1.0_0.0,HW-run_gg_4h_4_-1.0_0.0,4,-1.0,0.0,/mnt/ssd2/Projects/4H/MG5_aMC_v3_5_15/gg_4h_c3d4/Events/run_gg_4h_4_-1.0_0.0/unweighted_events.lhe.gz,10000,HerwigSignalPoints/c3d4_10k/HW-run_gg_4h_4_-1.0_0.0.in,HerwigSignalPoints/c3d4_10k/HW-run_gg_4h_4_-1.0_0.0.run,HerwigSignalPoints/c3d4_10k/events/HW-run_gg_4h_4_-1.0_0.0.root,HerwigSignalPoints/c3d4_10k/events/HW-run_gg_4h_4_-1.0_0.0_var.smearCMS.root,10000,119096857,existing target(s): HerwigSignalPoints/c3d4_10k/HW-run_gg_4h_4_-1.0_0.0.in
skipped_existing,/mnt/ssd2/Projects/4H/MG5_aMC_v3_5_15/gg_4h_c3d4/Events/run_gg_4h_4_-1.0_100.0,HW-run_gg_4h_4_-1.0_100.0,4,-1.0,100.0,/mnt/ssd2/Projects/4H/MG5_aMC_v3_5_15/gg_4h_c3d4/Events/run_gg_4h_4_-1.0_100.0/unweighted_events.lhe.gz,10000,HerwigSignalPoints/c3d4_10k/HW-run_gg_4h_4_-1.0_100.0.in,HerwigSignalPoints/c3d4_10k/HW-run_gg_4h_4_-1.0_100.0.run,HerwigSignalPoints/c3d4_10k/events/HW-run_gg_4h_4_-1.0_100.0.root,HerwigSignalPoints/c3d4_10k/events/HW-run_gg_4h_4_-1.0_100.0_var.smearCMS.root,10000,92830372,existing target(s): HerwigSignalPoints/c3d4_10k/HW-run_gg_4h_4_-1.0_100.0.in
skipped_existing,/mnt/ssd2/Projects/4H/MG5_aMC_v3_5_15/gg_4h_c3d4/Events/run_gg_4h_4_-1.0_70.7107,HW-run_gg_4h_4_-1.0_70.7107,4,-1.0,70.7107,/mnt/ssd2/Projects/4H/MG5_aMC_v3_5_15/gg_4h_c3d4/Events/run_gg_4h_4_-1.0_70.7107/unweighted_events.lhe.gz,10000,HerwigSignalPoints/c3d4_10k/HW-run_gg_4h_4_-1.0_70.7107.in,HerwigSignalPoints/c3d4_10k/HW-run_gg_4h_4_-1.0_70.7107.run,HerwigSignalPoints/c3d4_10k/events/HW-run_gg_4h_4_-1.0_70.7107.root,HerwigSignalPoints/c3d4_10k/events/HW-run_gg_4h_4_-1.0_70.7107_var.smearCMS.root,10000,94691897,existing target(s): HerwigSignalPoints/c3d4_10k/HW-run_gg_4h_4_-1.0_70.7107.in
skipped_existing,/mnt/ssd2/Projects/4H/MG5_aMC_v3_5_15/gg_4h_c3d4/Events/run_gg_4h_4_-15.0_0.0,HW-run_gg_4h_4_-15.0_0.0,4,-15.0,0.0,/mnt/ssd2/Projects/4H/MG5_aMC_v3_5_15/gg_4h_c3d4/Events/run_gg_4h_4_-15.0_0.0/unweighted_events.lhe.gz,10000,HerwigSignalPoints/c3d4_10k/HW-run_gg_4h_4_-15.0_0.0.in,HerwigSignalPoints/c3d4_10k/HW-run_gg_4h_4_-15.0_0.0.run,HerwigSignalPoints/c3d4_10k/events/HW-run_gg_4h_4_-15.0_0.0.root,HerwigSignalPoints/c3d4_10k/events/HW-run_gg_4h_4_-15.0_0.0_var.smearCMS.root,10000,84695684,existing target(s): HerwigSignalPoints/c3d4_10k/HW-run_gg_4h_4_-15.0_0.0.in
skipped_existing,/mnt/ssd2/Projects/4H/MG5_aMC_v3_5_15/gg_4h_c3d4/Events/run_gg_4h_4_-21.2132_-700.0,HW-run_gg_4h_4_-21.2132_-700.0,4,-21.2132,-700.0,/mnt/ssd2/Projects/4H/MG5_aMC_v3_5_15/gg_4h_c3d4/Events/run_gg_4h_4_-21.2132_-700.0/unweighted_events.lhe.gz,10000,HerwigSignalPoints/c3d4_10k/HW-run_gg_4h_4_-21.2132_-700.0.in,HerwigSignalPoints/c3d4_10k/HW-run_gg_4h_4_-21.2132_-700.0.run,HerwigSignalPoints/c3d4_10k/events/HW-run_gg_4h_4_-21.2132_-700.0.root,HerwigSignalPoints/c3d4_10k/events/HW-run_gg_4h_4_-21.2132_-700.0_var.smearCMS.root,10000,73364611,existing target(s): HerwigSignalPoints/c3d4_10k/HW-run_gg_4h_4_-21.2132_-700.0.in
skipped_existing,/mnt/ssd2/Projects/4H/MG5_aMC_v3_5_15/gg_4h_c3d4/Events/run_gg_4h_4_-21.2132_700.0,HW-run_gg_4h_4_-21.2132_700.0,4,-21.2132,700.0,/mnt/ssd2/Projects/4H/MG5_aMC_v3_5_15/gg_4h_c3d4/Events/run_gg_4h_4_-21.2132_700.0/unweighted_events.lhe.gz,10000,HerwigSignalPoints/c3d4_10k/HW-run_gg_4h_4_-21.2132_700.0.in,HerwigSignalPoints/c3d4_10k/HW-run_gg_4h_4_-21.2132_700.0.run,HerwigSignalPoints/c3d4_10k/events/HW-run_gg_4h_4_-21.2132_700.0.root,HerwigSignalPoints/c3d4_10k/events/HW-run_gg_4h_4_-21.2132_700.0_var.smearCMS.root,10000,128726671,existing target(s): HerwigSignalPoints/c3d4_10k/HW-run_gg_4h_4_-21.2132_700.0.in
skipped_existing,/mnt/ssd2/Projects/4H/MG5_aMC_v3_5_15/gg_4h_c3d4/Events/run_gg_4h_4_-25.9808_0.0,HW-run_gg_4h_4_-25.9808_0.0,4,-25.9808,0.0,/mnt/ssd2/Projects/4H/MG5_aMC_v3_5_15/gg_4h_c3d4/Events/run_gg_4h_4_-25.9808_0.0/unweighted_events.lhe.gz,10000,HerwigSignalPoints/c3d4_10k/HW-run_gg_4h_4_-25.9808_0.0.in,HerwigSignalPoints/c3d4_10k/HW-run_gg_4h_4_-25.9808_0.0.run,HerwigSignalPoints/c3d4_10k/events/HW-run_gg_4h_4_-25.9808_0.0.root,HerwigSignalPoints/c3d4_10k/events/HW-run_gg_4h_4_-25.9808_0.0_var.smearCMS.root,10000,99302312,existing target(s): HerwigSignalPoints/c3d4_10k/HW-run_gg_4h_4_-25.9808_0.0.in
skipped_existing,/mnt/ssd2/Projects/4H/MG5_aMC_v3_5_15/gg_4h_c3d4/Events/run_gg_4h_4_-30.0_-700.0,HW-run_gg_4h_4_-30.0_-700.0,4,-30.0,-700.0,/mnt/ssd2/Projects/4H/MG5_aMC_v3_5_15/gg_4h_c3d4/Events/run_gg_4h_4_-30.0_-700.0/unweighted_events.lhe.gz,10000,HerwigSignalPoints/c3d4_10k/HW-run_gg_4h_4_-30.0_-700.0.in,HerwigSignalPoints/c3d4_10k/HW-run_gg_4h_4_-30.0_-700.0.run,HerwigSignalPoints/c3d4_10k/events/HW-run_gg_4h_4_-30.0_-700.0.root,HerwigSignalPoints/c3d4_10k/events/HW-run_gg_4h_4_-30.0_-700.0_var.smearCMS.root,10000,113582909,existing target(s): HerwigSignalPoints/c3d4_10k/HW-run_gg_4h_4_-30.0_-700.0.in
skipped_existing,/mnt/ssd2/Projects/4H/MG5_aMC_v3_5_15/gg_4h_c3d4/Events/run_gg_4h_4_-30.0_0.0,HW-run_gg_4h_4_-30.0_0.0,4,-30.0,0.0,/mnt/ssd2/Projects/4H/MG5_aMC_v3_5_15/gg_4h_c3d4/Events/run_gg_4h_4_-30.0_0.0/unweighted_events.lhe.gz,10000,HerwigSignalPoints/c3d4_10k/HW-run_gg_4h_4_-30.0_0.0.in,HerwigSignalPoints/c3d4_10k/HW-run_gg_4h_4_-30.0_0.0.run,HerwigSignalPoints/c3d4_10k/events/HW-run_gg_4h_4_-30.0_0.0.root,HerwigSignalPoints/c3d4_10k/events/HW-run_gg_4h_4_-30.0_0.0_var.smearCMS.root,10000,77106812,existing target(s): HerwigSignalPoints/c3d4_10k/HW-run_gg_4h_4_-30.0_0.0.in
skipped_existing,/mnt/ssd2/Projects/4H/MG5_aMC_v3_5_15/gg_4h_c3d4/Events/run_gg_4h_4_-30.0_700.0,HW-run_gg_4h_4_-30.0_700.0,4,-30.0,700.0,/mnt/ssd2/Projects/4H/MG5_aMC_v3_5_15/gg_4h_c3d4/Events/run_gg_4h_4_-30.0_700.0/unweighted_events.lhe.gz,10000,HerwigSignalPoints/c3d4_10k/HW-run_gg_4h_4_-30.0_700.0.in,HerwigSignalPoints/c3d4_10k/HW-run_gg_4h_4_-30.0_700.0.run,HerwigSignalPoints/c3d4_10k/events/HW-run_gg_4h_4_-30.0_700.0.root,HerwigSignalPoints/c3d4_10k/events/HW-run_gg_4h_4_-30.0_700.0_var.smearCMS.root,10000,35354165,existing target(s): HerwigSignalPoints/c3d4_10k/HW-run_gg_4h_4_-30.0_700.0.in
skipped_existing,/mnt/ssd2/Projects/4H/MG5_aMC_v3_5_15/gg_4h_c3d4/Events/run_gg_4h_4_0.0_-100.0,HW-run_gg_4h_4_0.0_-100.0,4,0.0,-100.0,/mnt/ssd2/Projects/4H/MG5_aMC_v3_5_15/gg_4h_c3d4/Events/run_gg_4h_4_0.0_-100.0/unweighted_events.lhe.gz,10000,HerwigSignalPoints/c3d4_10k/HW-run_gg_4h_4_0.0_-100.0.in,HerwigSignalPoints/c3d4_10k/HW-run_gg_4h_4_0.0_-100.0.run,HerwigSignalPoints/c3d4_10k/events/HW-run_gg_4h_4_0.0_-100.0.root,HerwigSignalPoints/c3d4_10k/events/HW-run_gg_4h_4_0.0_-100.0_var.smearCMS.root,10000,54626743,existing target(s): HerwigSignalPoints/c3d4_10k/HW-run_gg_4h_4_0.0_-100.0.in
skipped_existing,/mnt/ssd2/Projects/4H/MG5_aMC_v3_5_15/gg_4h_c3d4/Events/run_gg_4h_4_0.0_-70.7107,HW-run_gg_4h_4_0.0_-70.7107,4,0.0,-70.7107,/mnt/ssd2/Projects/4H/MG5_aMC_v3_5_15/gg_4h_c3d4/Events/run_gg_4h_4_0.0_-70.7107/unweighted_events.lhe.gz,10000,HerwigSignalPoints/c3d4_10k/HW-run_gg_4h_4_0.0_-70.7107.in,HerwigSignalPoints/c3d4_10k/HW-run_gg_4h_4_0.0_-70.7107.run,HerwigSignalPoints/c3d4_10k/events/HW-run_gg_4h_4_0.0_-70.7107.root,HerwigSignalPoints/c3d4_10k/events/HW-run_gg_4h_4_0.0_-70.7107_var.smearCMS.root,10000,128253336,existing target(s): HerwigSignalPoints/c3d4_10k/HW-run_gg_4h_4_0.0_-70.7107.in
skipped_existing,/mnt/ssd2/Projects/4H/MG5_aMC_v3_5_15/gg_4h_c3d4/Events/run_gg_4h_4_0.0_-700.0,HW-run_gg_4h_4_0.0_-700.0,4,0.0,-700.0,/mnt/ssd2/Projects/4H/MG5_aMC_v3_5_15/gg_4h_c3d4/Events/run_gg_4h_4_0.0_-700.0/unweighted_events.lhe.gz,10000,HerwigSignalPoints/c3d4_10k/HW-run_gg_4h_4_0.0_-700.0.in,HerwigSignalPoints/c3d4_10k/HW-run_gg_4h_4_0.0_-700.0.run,HerwigSignalPoints/c3d4_10k/events/HW-run_gg_4h_4_0.0_-700.0.root,HerwigSignalPoints/c3d4_10k/events/HW-run_gg_4h_4_0.0_-700.0_var.smearCMS.root,10000,46169267,existing target(s): HerwigSignalPoints/c3d4_10k/HW-run_gg_4h_4_0.0_-700.0.in
skipped_existing,/mnt/ssd2/Projects/4H/MG5_aMC_v3_5_15/gg_4h_c3d4/Events/run_gg_4h_4_0.0_0.0,HW-run_gg_4h_4_0.0_0.0,4,0.0,0.0,/mnt/ssd2/Projects/4H/MG5_aMC_v3_5_15/gg_4h_c3d4/Events/run_gg_4h_4_0.0_0.0/unweighted_events.lhe.gz,10000,HerwigSignalPoints/c3d4_10k/HW-run_gg_4h_4_0.0_0.0.in,HerwigSignalPoints/c3d4_10k/HW-run_gg_4h_4_0.0_0.0.run,HerwigSignalPoints/c3d4_10k/events/HW-run_gg_4h_4_0.0_0.0.root,HerwigSignalPoints/c3d4_10k/events/HW-run_gg_4h_4_0.0_0.0_var.smearCMS.root,10000,89968250,existing target(s): HerwigSignalPoints/c3d4_10k/HW-run_gg_4h_4_0.0_0.0.in;HerwigSignalPoints/c3d4_10k/HW-run_gg_4h_4_0.0_0.0.run
skipped_existing,/mnt/ssd2/Projects/4H/MG5_aMC_v3_5_15/gg_4h_c3d4/Events/run_gg_4h_4_0.0_100.0,HW-run_gg_4h_4_0.0_100.0,4,0.0,100.0,/mnt/ssd2/Projects/4H/MG5_aMC_v3_5_15/gg_4h_c3d4/Events/run_gg_4h_4_0.0_100.0/unweighted_events.lhe.gz,10000,HerwigSignalPoints/c3d4_10k/HW-run_gg_4h_4_0.0_100.0.in,HerwigSignalPoints/c3d4_10k/HW-run_gg_4h_4_0.0_100.0.run,HerwigSignalPoints/c3d4_10k/events/HW-run_gg_4h_4_0.0_100.0.root,HerwigSignalPoints/c3d4_10k/events/HW-run_gg_4h_4_0.0_100.0_var.smearCMS.root,10000,82032023,existing target(s): HerwigSignalPoints/c3d4_10k/HW-run_gg_4h_4_0.0_100.0.in
skipped_existing,/mnt/ssd2/Projects/4H/MG5_aMC_v3_5_15/gg_4h_c3d4/Events/run_gg_4h_4_0.0_70.7107,HW-run_gg_4h_4_0.0_70.7107,4,0.0,70.7107,/mnt/ssd2/Projects/4H/MG5_aMC_v3_5_15/gg_4h_c3d4/Events/run_gg_4h_4_0.0_70.7107/unweighted_events.lhe.gz,10000,HerwigSignalPoints/c3d4_10k/HW-run_gg_4h_4_0.0_70.7107.in,HerwigSignalPoints/c3d4_10k/HW-run_gg_4h_4_0.0_70.7107.run,HerwigSignalPoints/c3d4_10k/events/HW-run_gg_4h_4_0.0_70.7107.root,HerwigSignalPoints/c3d4_10k/events/HW-run_gg_4h_4_0.0_70.7107_var.smearCMS.root,10000,75893600,existing target(s): HerwigSignalPoints/c3d4_10k/HW-run_gg_4h_4_0.0_70.7107.in
skipped_existing,/mnt/ssd2/Projects/4H/MG5_aMC_v3_5_15/gg_4h_c3d4/Events/run_gg_4h_4_0.0_700.0,HW-run_gg_4h_4_0.0_700.0,4,0.0,700.0,/mnt/ssd2/Projects/4H/MG5_aMC_v3_5_15/gg_4h_c3d4/Events/run_gg_4h_4_0.0_700.0/unweighted_events.lhe.gz,10000,HerwigSignalPoints/c3d4_10k/HW-run_gg_4h_4_0.0_700.0.in,HerwigSignalPoints/c3d4_10k/HW-run_gg_4h_4_0.0_700.0.run,HerwigSignalPoints/c3d4_10k/events/HW-run_gg_4h_4_0.0_700.0.root,HerwigSignalPoints/c3d4_10k/events/HW-run_gg_4h_4_0.0_700.0_var.smearCMS.root,10000,105126947,existing target(s): HerwigSignalPoints/c3d4_10k/HW-run_gg_4h_4_0.0_700.0.in
skipped_existing,/mnt/ssd2/Projects/4H/MG5_aMC_v3_5_15/gg_4h_c3d4/Events/run_gg_4h_4_0.258819_0.0,HW-run_gg_4h_4_0.258819_0.0,4,0.258819,0.0,/mnt/ssd2/Projects/4H/MG5_aMC_v3_5_15/gg_4h_c3d4/Events/run_gg_4h_4_0.258819_0.0/unweighted_events.lhe.gz,10000,HerwigSignalPoints/c3d4_10k/HW-run_gg_4h_4_0.258819_0.0.in,HerwigSignalPoints/c3d4_10k/HW-run_gg_4h_4_0.258819_0.0.run,HerwigSignalPoints/c3d4_10k/events/HW-run_gg_4h_4_0.258819_0.0.root,HerwigSignalPoints/c3d4_10k/events/HW-run_gg_4h_4_0.258819_0.0_var.smearCMS.root,10000,104151483,existing target(s): HerwigSignalPoints/c3d4_10k/HW-run_gg_4h_4_0.258819_0.0.in
skipped_existing,/mnt/ssd2/Projects/4H/MG5_aMC_v3_5_15/gg_4h_c3d4/Events/run_gg_4h_4_0.5_-100.0,HW-run_gg_4h_4_0.5_-100.0,4,0.5,-100.0,/mnt/ssd2/Projects/4H/MG5_aMC_v3_5_15/gg_4h_c3d4/Events/run_gg_4h_4_0.5_-100.0/unweighted_events.lhe.gz,10000,HerwigSignalPoints/c3d4_10k/HW-run_gg_4h_4_0.5_-100.0.in,HerwigSignalPoints/c3d4_10k/HW-run_gg_4h_4_0.5_-100.0.run,HerwigSignalPoints/c3d4_10k/events/HW-run_gg_4h_4_0.5_-100.0.root,HerwigSignalPoints/c3d4_10k/events/HW-run_gg_4h_4_0.5_-100.0_var.smearCMS.root,10000,53267863,existing target(s): HerwigSignalPoints/c3d4_10k/HW-run_gg_4h_4_0.5_-100.0.in
skipped_existing,/mnt/ssd2/Projects/4H/MG5_aMC_v3_5_15/gg_4h_c3d4/Events/run_gg_4h_4_0.5_-70.7107,HW-run_gg_4h_4_0.5_-70.7107,4,0.5,-70.7107,/mnt/ssd2/Projects/4H/MG5_aMC_v3_5_15/gg_4h_c3d4/Events/run_gg_4h_4_0.5_-70.7107/unweighted_events.lhe.gz,10000,HerwigSignalPoints/c3d4_10k/HW-run_gg_4h_4_0.5_-70.7107.in,HerwigSignalPoints/c3d4_10k/HW-run_gg_4h_4_0.5_-70.7107.run,HerwigSignalPoints/c3d4_10k/events/HW-run_gg_4h_4_0.5_-70.7107.root,HerwigSignalPoints/c3d4_10k/events/HW-run_gg_4h_4_0.5_-70.7107_var.smearCMS.root,10000,78372453,existing target(s): HerwigSignalPoints/c3d4_10k/HW-run_gg_4h_4_0.5_-70.7107.in
skipped_existing,/mnt/ssd2/Projects/4H/MG5_aMC_v3_5_15/gg_4h_c3d4/Events/run_gg_4h_4_0.5_0.0,HW-run_gg_4h_4_0.5_0.0,4,0.5,0.0,/mnt/ssd2/Projects/4H/MG5_aMC_v3_5_15/gg_4h_c3d4/Events/run_gg_4h_4_0.5_0.0/unweighted_events.lhe.gz,10000,HerwigSignalPoints/c3d4_10k/HW-run_gg_4h_4_0.5_0.0.in,HerwigSignalPoints/c3d4_10k/HW-run_gg_4h_4_0.5_0.0.run,HerwigSignalPoints/c3d4_10k/events/HW-run_gg_4h_4_0.5_0.0.root,HerwigSignalPoints/c3d4_10k/events/HW-run_gg_4h_4_0.5_0.0_var.smearCMS.root,10000,42523624,existing target(s): HerwigSignalPoints/c3d4_10k/HW-run_gg_4h_4_0.5_0.0.in
skipped_existing,/mnt/ssd2/Projects/4H/MG5_aMC_v3_5_15/gg_4h_c3d4/Events/run_gg_4h_4_0.5_100.0,HW-run_gg_4h_4_0.5_100.0,4,0.5,100.0,/mnt/ssd2/Projects/4H/MG5_aMC_v3_5_15/gg_4h_c3d4/Events/run_gg_4h_4_0.5_100.0/unweighted_events.lhe.gz,10000,HerwigSignalPoints/c3d4_10k/HW-run_gg_4h_4_0.5_100.0.in,HerwigSignalPoints/c3d4_10k/HW-run_gg_4h_4_0.5_100.0.run,HerwigSignalPoints/c3d4_10k/events/HW-run_gg_4h_4_0.5_100.0.root,HerwigSignalPoints/c3d4_10k/events/HW-run_gg_4h_4_0.5_100.0_var.smearCMS.root,10000,85328172,existing target(s): HerwigSignalPoints/c3d4_10k/HW-run_gg_4h_4_0.5_100.0.in
skipped_existing,/mnt/ssd2/Projects/4H/MG5_aMC_v3_5_15/gg_4h_c3d4/Events/run_gg_4h_4_0.5_70.7107,HW-run_gg_4h_4_0.5_70.7107,4,0.5,70.7107,/mnt/ssd2/Projects/4H/MG5_aMC_v3_5_15/gg_4h_c3d4/Events/run_gg_4h_4_0.5_70.7107/unweighted_events.lhe.gz,10000,HerwigSignalPoints/c3d4_10k/HW-run_gg_4h_4_0.5_70.7107.in,HerwigSignalPoints/c3d4_10k/HW-run_gg_4h_4_0.5_70.7107.run,HerwigSignalPoints/c3d4_10k/events/HW-run_gg_4h_4_0.5_70.7107.root,HerwigSignalPoints/c3d4_10k/events/HW-run_gg_4h_4_0.5_70.7107_var.smearCMS.root,10000,53824471,existing target(s): HerwigSignalPoints/c3d4_10k/HW-run_gg_4h_4_0.5_70.7107.in
skipped_existing,/mnt/ssd2/Projects/4H/MG5_aMC_v3_5_15/gg_4h_c3d4/Events/run_gg_4h_4_0.707107_0.0,HW-run_gg_4h_4_0.707107_0.0,4,0.707107,0.0,/mnt/ssd2/Projects/4H/MG5_aMC_v3_5_15/gg_4h_c3d4/Events/run_gg_4h_4_0.707107_0.0/unweighted_events.lhe.gz,10000,HerwigSignalPoints/c3d4_10k/HW-run_gg_4h_4_0.707107_0.0.in,HerwigSignalPoints/c3d4_10k/HW-run_gg_4h_4_0.707107_0.0.run,HerwigSignalPoints/c3d4_10k/events/HW-run_gg_4h_4_0.707107_0.0.root,HerwigSignalPoints/c3d4_10k/events/HW-run_gg_4h_4_0.707107_0.0_var.smearCMS.root,10000,32638002,existing target(s): HerwigSignalPoints/c3d4_10k/HW-run_gg_4h_4_0.707107_0.0.in
skipped_existing,/mnt/ssd2/Projects/4H/MG5_aMC_v3_5_15/gg_4h_c3d4/Events/run_gg_4h_4_0.866025_-100.0,HW-run_gg_4h_4_0.866025_-100.0,4,0.866025,-100.0,/mnt/ssd2/Projects/4H/MG5_aMC_v3_5_15/gg_4h_c3d4/Events/run_gg_4h_4_0.866025_-100.0/unweighted_events.lhe.gz,10000,HerwigSignalPoints/c3d4_10k/HW-run_gg_4h_4_0.866025_-100.0.in,HerwigSignalPoints/c3d4_10k/HW-run_gg_4h_4_0.866025_-100.0.run,HerwigSignalPoints/c3d4_10k/events/HW-run_gg_4h_4_0.866025_-100.0.root,HerwigSignalPoints/c3d4_10k/events/HW-run_gg_4h_4_0.866025_-100.0_var.smearCMS.root,10000,71673881,existing target(s): HerwigSignalPoints/c3d4_10k/HW-run_gg_4h_4_0.866025_-100.0.in
skipped_existing,/mnt/ssd2/Projects/4H/MG5_aMC_v3_5_15/gg_4h_c3d4/Events/run_gg_4h_4_0.866025_-70.7107,HW-run_gg_4h_4_0.866025_-70.7107,4,0.866025,-70.7107,/mnt/ssd2/Projects/4H/MG5_aMC_v3_5_15/gg_4h_c3d4/Events/run_gg_4h_4_0.866025_-70.7107/unweighted_events.lhe.gz,10000,HerwigSignalPoints/c3d4_10k/HW-run_gg_4h_4_0.866025_-70.7107.in,HerwigSignalPoints/c3d4_10k/HW-run_gg_4h_4_0.866025_-70.7107.run,HerwigSignalPoints/c3d4_10k/events/HW-run_gg_4h_4_0.866025_-70.7107.root,HerwigSignalPoints/c3d4_10k/events/HW-run_gg_4h_4_0.866025_-70.7107_var.smearCMS.root,10000,48490775,existing target(s): HerwigSignalPoints/c3d4_10k/HW-run_gg_4h_4_0.866025_-70.7107.in
skipped_existing,/mnt/ssd2/Projects/4H/MG5_aMC_v3_5_15/gg_4h_c3d4/Events/run_gg_4h_4_0.866025_0.0,HW-run_gg_4h_4_0.866025_0.0,4,0.866025,0.0,/mnt/ssd2/Projects/4H/MG5_aMC_v3_5_15/gg_4h_c3d4/Events/run_gg_4h_4_0.866025_0.0/unweighted_events.lhe.gz,10000,HerwigSignalPoints/c3d4_10k/HW-run_gg_4h_4_0.866025_0.0.in,HerwigSignalPoints/c3d4_10k/HW-run_gg_4h_4_0.866025_0.0.run,HerwigSignalPoints/c3d4_10k/events/HW-run_gg_4h_4_0.866025_0.0.root,HerwigSignalPoints/c3d4_10k/events/HW-run_gg_4h_4_0.866025_0.0_var.smearCMS.root,10000,123561049,existing target(s): HerwigSignalPoints/c3d4_10k/HW-run_gg_4h_4_0.866025_0.0.in
written,/mnt/ssd2/Projects/4H/MG5_aMC_v3_5_15/gg_4h_c3d4/Events/run_gg_4h_4_0.866025_100.0,HW-run_gg_4h_4_0.866025_100.0,4,0.866025,100.0,/mnt/ssd2/Projects/4H/MG5_aMC_v3_5_15/gg_4h_c3d4/Events/run_gg_4h_4_0.866025_100.0/unweighted_events.lhe.gz,10000,HerwigSignalPoints/c3d4_10k/HW-run_gg_4h_4_0.866025_100.0.in,HerwigSignalPoints/c3d4_10k/HW-run_gg_4h_4_0.866025_100.0.run,HerwigSignalPoints/c3d4_10k/events/HW-run_gg_4h_4_0.866025_100.0.root,HerwigSignalPoints/c3d4_10k/events/HW-run_gg_4h_4_0.866025_100.0_var.smearCMS.root,10000,113066656,
written,/mnt/ssd2/Projects/4H/MG5_aMC_v3_5_15/gg_4h_c3d4/Events/run_gg_4h_4_0.866025_70.7107,HW-run_gg_4h_4_0.866025_70.7107,4,0.866025,70.7107,/mnt/ssd2/Projects/4H/MG5_aMC_v3_5_15/gg_4h_c3d4/Events/run_gg_4h_4_0.866025_70.7107/unweighted_events.lhe.gz,10000,HerwigSignalPoints/c3d4_10k/HW-run_gg_4h_4_0.866025_70.7107.in,HerwigSignalPoints/c3d4_10k/HW-run_gg_4h_4_0.866025_70.7107.run,HerwigSignalPoints/c3d4_10k/events/HW-run_gg_4h_4_0.866025_70.7107.root,HerwigSignalPoints/c3d4_10k/events/HW-run_gg_4h_4_0.866025_70.7107_var.smearCMS.root,10000,49617337,
written,/mnt/ssd2/Projects/4H/MG5_aMC_v3_5_15/gg_4h_c3d4/Events/run_gg_4h_4_0.965926_0.0,HW-run_gg_4h_4_0.965926_0.0,4,0.965926,0.0,/mnt/ssd2/Projects/4H/MG5_aMC_v3_5_15/gg_4h_c3d4/Events/run_gg_4h_4_0.965926_0.0/unweighted_events.lhe.gz,10000,HerwigSignalPoints/c3d4_10k/HW-run_gg_4h_4_0.965926_0.0.in,HerwigSignalPoints/c3d4_10k/HW-run_gg_4h_4_0.965926_0.0.run,HerwigSignalPoints/c3d4_10k/events/HW-run_gg_4h_4_0.965926_0.0.root,HerwigSignalPoints/c3d4_10k/events/HW-run_gg_4h_4_0.965926_0.0_var.smearCMS.root,10000,125309226,
written,/mnt/ssd2/Projects/4H/MG5_aMC_v3_5_15/gg_4h_c3d4/Events/run_gg_4h_4_1.0_-100.0,HW-run_gg_4h_4_1.0_-100.0,4,1.0,-100.0,/mnt/ssd2/Projects/4H/MG5_aMC_v3_5_15/gg_4h_c3d4/Events/run_gg_4h_4_1.0_-100.0/unweighted_events.lhe.gz,10000,HerwigSignalPoints/c3d4_10k/HW-run_gg_4h_4_1.0_-100.0.in,HerwigSignalPoints/c3d4_10k/HW-run_gg_4h_4_1.0_-100.0.run,HerwigSignalPoints/c3d4_10k/events/HW-run_gg_4h_4_1.0_-100.0.root,HerwigSignalPoints/c3d4_10k/events/HW-run_gg_4h_4_1.0_-100.0_var.smearCMS.root,10000,47874767,
written,/mnt/ssd2/Projects/4H/MG5_aMC_v3_5_15/gg_4h_c3d4/Events/run_gg_4h_4_1.0_-70.7107,HW-run_gg_4h_4_1.0_-70.7107,4,1.0,-70.7107,/mnt/ssd2/Projects/4H/MG5_aMC_v3_5_15/gg_4h_c3d4/Events/run_gg_4h_4_1.0_-70.7107/unweighted_events.lhe.gz,10000,HerwigSignalPoints/c3d4_10k/HW-run_gg_4h_4_1.0_-70.7107.in,HerwigSignalPoints/c3d4_10k/HW-run_gg_4h_4_1.0_-70.7107.run,HerwigSignalPoints/c3d4_10k/events/HW-run_gg_4h_4_1.0_-70.7107.root,HerwigSignalPoints/c3d4_10k/events/HW-run_gg_4h_4_1.0_-70.7107_var.smearCMS.root,10000,106253873,
written,/mnt/ssd2/Projects/4H/MG5_aMC_v3_5_15/gg_4h_c3d4/Events/run_gg_4h_4_1.0_0.0,HW-run_gg_4h_4_1.0_0.0,4,1.0,0.0,/mnt/ssd2/Projects/4H/MG5_aMC_v3_5_15/gg_4h_c3d4/Events/run_gg_4h_4_1.0_0.0/unweighted_events.lhe.gz,10000,HerwigSignalPoints/c3d4_10k/HW-run_gg_4h_4_1.0_0.0.in,HerwigSignalPoints/c3d4_10k/HW-run_gg_4h_4_1.0_0.0.run,HerwigSignalPoints/c3d4_10k/events/HW-run_gg_4h_4_1.0_0.0.root,HerwigSignalPoints/c3d4_10k/events/HW-run_gg_4h_4_1.0_0.0_var.smearCMS.root,10000,74270152,
written,/mnt/ssd2/Projects/4H/MG5_aMC_v3_5_15/gg_4h_c3d4/Events/run_gg_4h_4_1.0_100.0,HW-run_gg_4h_4_1.0_100.0,4,1.0,100.0,/mnt/ssd2/Projects/4H/MG5_aMC_v3_5_15/gg_4h_c3d4/Events/run_gg_4h_4_1.0_100.0/unweighted_events.lhe.gz,10000,HerwigSignalPoints/c3d4_10k/HW-run_gg_4h_4_1.0_100.0.in,HerwigSignalPoints/c3d4_10k/HW-run_gg_4h_4_1.0_100.0.run,HerwigSignalPoints/c3d4_10k/events/HW-run_gg_4h_4_1.0_100.0.root,HerwigSignalPoints/c3d4_10k/events/HW-run_gg_4h_4_1.0_100.0_var.smearCMS.root,10000,86453750,
written,/mnt/ssd2/Projects/4H/MG5_aMC_v3_5_15/gg_4h_c3d4/Events/run_gg_4h_4_1.0_70.7107,HW-run_gg_4h_4_1.0_70.7107,4,1.0,70.7107,/mnt/ssd2/Projects/4H/MG5_aMC_v3_5_15/gg_4h_c3d4/Events/run_gg_4h_4_1.0_70.7107/unweighted_events.lhe.gz,10000,HerwigSignalPoints/c3d4_10k/HW-run_gg_4h_4_1.0_70.7107.in,HerwigSignalPoints/c3d4_10k/HW-run_gg_4h_4_1.0_70.7107.run,HerwigSignalPoints/c3d4_10k/events/HW-run_gg_4h_4_1.0_70.7107.root,HerwigSignalPoints/c3d4_10k/events/HW-run_gg_4h_4_1.0_70.7107_var.smearCMS.root,10000,77874202,
written,/mnt/ssd2/Projects/4H/MG5_aMC_v3_5_15/gg_4h_c3d4/Events/run_gg_4h_4_15.0_0.0,HW-run_gg_4h_4_15.0_0.0,4,15.0,0.0,/mnt/ssd2/Projects/4H/MG5_aMC_v3_5_15/gg_4h_c3d4/Events/run_gg_4h_4_15.0_0.0/unweighted_events.lhe.gz,10000,HerwigSignalPoints/c3d4_10k/HW-run_gg_4h_4_15.0_0.0.in,HerwigSignalPoints/c3d4_10k/HW-run_gg_4h_4_15.0_0.0.run,HerwigSignalPoints/c3d4_10k/events/HW-run_gg_4h_4_15.0_0.0.root,HerwigSignalPoints/c3d4_10k/events/HW-run_gg_4h_4_15.0_0.0_var.smearCMS.root,10000,50426580,
written,/mnt/ssd2/Projects/4H/MG5_aMC_v3_5_15/gg_4h_c3d4/Events/run_gg_4h_4_21.2132_-700.0,HW-run_gg_4h_4_21.2132_-700.0,4,21.2132,-700.0,/mnt/ssd2/Projects/4H/MG5_aMC_v3_5_15/gg_4h_c3d4/Events/run_gg_4h_4_21.2132_-700.0/unweighted_events.lhe.gz,10000,HerwigSignalPoints/c3d4_10k/HW-run_gg_4h_4_21.2132_-700.0.in,HerwigSignalPoints/c3d4_10k/HW-run_gg_4h_4_21.2132_-700.0.run,HerwigSignalPoints/c3d4_10k/events/HW-run_gg_4h_4_21.2132_-700.0.root,HerwigSignalPoints/c3d4_10k/events/HW-run_gg_4h_4_21.2132_-700.0_var.smearCMS.root,10000,33360327,
written,/mnt/ssd2/Projects/4H/MG5_aMC_v3_5_15/gg_4h_c3d4/Events/run_gg_4h_4_21.2132_700.0,HW-run_gg_4h_4_21.2132_700.0,4,21.2132,700.0,/mnt/ssd2/Projects/4H/MG5_aMC_v3_5_15/gg_4h_c3d4/Events/run_gg_4h_4_21.2132_700.0/unweighted_events.lhe.gz,10000,HerwigSignalPoints/c3d4_10k/HW-run_gg_4h_4_21.2132_700.0.in,HerwigSignalPoints/c3d4_10k/HW-run_gg_4h_4_21.2132_700.0.run,HerwigSignalPoints/c3d4_10k/events/HW-run_gg_4h_4_21.2132_700.0.root,HerwigSignalPoints/c3d4_10k/events/HW-run_gg_4h_4_21.2132_700.0_var.smearCMS.root,10000,89581910,
written,/mnt/ssd2/Projects/4H/MG5_aMC_v3_5_15/gg_4h_c3d4/Events/run_gg_4h_4_25.9808_0.0,HW-run_gg_4h_4_25.9808_0.0,4,25.9808,0.0,/mnt/ssd2/Projects/4H/MG5_aMC_v3_5_15/gg_4h_c3d4/Events/run_gg_4h_4_25.9808_0.0/unweighted_events.lhe.gz,10000,HerwigSignalPoints/c3d4_10k/HW-run_gg_4h_4_25.9808_0.0.in,HerwigSignalPoints/c3d4_10k/HW-run_gg_4h_4_25.9808_0.0.run,HerwigSignalPoints/c3d4_10k/events/HW-run_gg_4h_4_25.9808_0.0.root,HerwigSignalPoints/c3d4_10k/events/HW-run_gg_4h_4_25.9808_0.0_var.smearCMS.root,10000,50939580,
written,/mnt/ssd2/Projects/4H/MG5_aMC_v3_5_15/gg_4h_c3d4/Events/run_gg_4h_4_30.0_-700.0,HW-run_gg_4h_4_30.0_-700.0,4,30.0,-700.0,/mnt/ssd2/Projects/4H/MG5_aMC_v3_5_15/gg_4h_c3d4/Events/run_gg_4h_4_30.0_-700.0/unweighted_events.lhe.gz,10000,HerwigSignalPoints/c3d4_10k/HW-run_gg_4h_4_30.0_-700.0.in,HerwigSignalPoints/c3d4_10k/HW-run_gg_4h_4_30.0_-700.0.run,HerwigSignalPoints/c3d4_10k/events/HW-run_gg_4h_4_30.0_-700.0.root,HerwigSignalPoints/c3d4_10k/events/HW-run_gg_4h_4_30.0_-700.0_var.smearCMS.root,10000,56862822,
written,/mnt/ssd2/Projects/4H/MG5_aMC_v3_5_15/gg_4h_c3d4/Events/run_gg_4h_4_30.0_0.0,HW-run_gg_4h_4_30.0_0.0,4,30.0,0.0,/mnt/ssd2/Projects/4H/MG5_aMC_v3_5_15/gg_4h_c3d4/Events/run_gg_4h_4_30.0_0.0/unweighted_events.lhe.gz,10000,HerwigSignalPoints/c3d4_10k/HW-run_gg_4h_4_30.0_0.0.in,HerwigSignalPoints/c3d4_10k/HW-run_gg_4h_4_30.0_0.0.run,HerwigSignalPoints/c3d4_10k/events/HW-run_gg_4h_4_30.0_0.0.root,HerwigSignalPoints/c3d4_10k/events/HW-run_gg_4h_4_30.0_0.0_var.smearCMS.root,10000,57166504,
written,/mnt/ssd2/Projects/4H/MG5_aMC_v3_5_15/gg_4h_c3d4/Events/run_gg_4h_4_30.0_700.0,HW-run_gg_4h_4_30.0_700.0,4,30.0,700.0,/mnt/ssd2/Projects/4H/MG5_aMC_v3_5_15/gg_4h_c3d4/Events/run_gg_4h_4_30.0_700.0/unweighted_events.lhe.gz,10000,HerwigSignalPoints/c3d4_10k/HW-run_gg_4h_4_30.0_700.0.in,HerwigSignalPoints/c3d4_10k/HW-run_gg_4h_4_30.0_700.0.run,HerwigSignalPoints/c3d4_10k/events/HW-run_gg_4h_4_30.0_700.0.root,HerwigSignalPoints/c3d4_10k/events/HW-run_gg_4h_4_30.0_700.0_var.smearCMS.root,10000,92991356,
